date	resource	finding_id	original_lines	old_text	new_text	evidence_label	repository_evidence	reviewer	status
2026-08-12	resources/naxwe/15-naxwaha-sifayneed.md	N15-R001	3-27	title-page fields represented as level-2 headings	single metadata block	structural-only	same-file title-page sequence and top-level title	maintainer	approved
2026-08-12	resources/naxwe/15-naxwaha-sifayneed.md	N15-R001	7;24	trailing | after author; leading j before institution	debris characters removed	structural-only	exact isolated characters recorded by N15-R001	maintainer	approved
2026-08-12	resources/naxwe/15-naxwaha-sifayneed.md	N15-R005,N15-R009,N15-R013,N15-R023,N15-R034,N15-R036,N15-R037,N15-R048	167;283;468;534;1703;2865;3009;3157;4169	major chapter titles embedded, missing, or corrupted	confirmed chapter 1-9 H2 boundaries	structural-only	same-file contents lines 31-91 and matching body anchors	maintainer	approved
2026-08-12	resources/naxwe/15-naxwaha-sifayneed.md	N15-R007,N15-R016,N15-R018,N15-R019,N15-R020,N15-R023,N15-R025,N15-R026,N15-R031,N15-R032,N15-R033,N15-R035,N15-R037,N15-R038,N15-R042,N15-R045,N15-R046,N15-R049,N15-R050,N15-R053	218-4693	confirmed subsection titles represented as prose or incorrect heading levels	confirmed H3 subsection boundaries	structural-only	same-file contents, numbering, repeated headings, and local body context	maintainer	approved
2026-08-12	resources/naxwe/15-naxwaha-sifayneed.md	N15-R056	5015	2, transtivity. B. Raadraac	2, transtivity. followed by B. Raadraac appendix heading	structural-only	same-file contents line 93 and bibliography start	maintainer	approved
2026-08-12	resources/naxwe/15-naxwaha-sifayneed.md	N15-SLS001	1-5263	book/PDF-shaped OCR transcript with front matter and page-order corruption	381-line SLS-native topical reference	repository-supported/structural-only	maintainer output-model instruction; resources/naxwe canonical topic files; resources/sarfe; resources/dhawaaq; resources/qoraal	pending	applied-awaiting-cleanup-review
2026-08-12	resources/naxwe/13-aasaaska-naxwaha.md	N13-SLS001	1-859	book/PDF-shaped OCR transcript with front matter, exercises, page-order corruption, and index	410-line SLS-native parts-of-speech reference	repository-supported/structural-only	approved findings N13-R001-N13-R009; canonical naxwe, morphology, and phonology resources	pending	applied-awaiting-cleanup-review
2026-08-12	resources/naxwe/14-naxwaha-cusub.md	N14-SLS001	1-2095	book/PDF-shaped OCR transcript with duplicated columns, exercises, answer key, and collapsed multilingual glossary	282-line SLS-native reference to the source's word-class, sentence, and speech-writing analyses	repository-supported/structural-only/intentional-retained	approved findings N14-R001-N14-R015; canonical naxwe, phonology, and verified orthography resources	pending	applied-awaiting-cleanup-review
2026-08-12	resources/naxwe/00-sources.md	N14-R001	18	14-naxwaha-cusub author field: —	14-naxwaha-cusub author field: Maxamed Xaaji Xuseen Raabi	repository-supported	resources/naxwe/14-naxwaha-cusub.md original title page; resources/qoraal/00-sources.md; resources/dhawaaq/00-sources.md	pending	applied-awaiting-cleanup-review
2026-08-12	resources/naxwe/16-weeraynta-soomaaliga.md	N16-SLS001	1-675	OCR-shaped syntax transcript with false headings, damaged trees, foreign comparisons, and collapsed trilingual glossary	250-line SLS-native reference to simple sentences, focus, questions, horyaalayaal, and complex clauses	repository-supported/structural-only/intentional-retained	approved findings N16-R001-N16-R011; canonical naxwe chapters 06 and 09-12; morphology and phonology resources	pending	applied-awaiting-cleanup-review
2026-08-12	resources/naxwe/17-naxwaha-af-soomaaliga.md	N17-SLS001	1-5307	book/PDF-shaped OCR transcript with front matter, exercises, repeated paradigms, false headings, damaged diagrams, and collapsed bibliography	767-line SLS-native comprehensive grammar retaining the recoverable content of all nineteen parts	repository-supported/structural-only/intentional-retained	approved findings N17-R001-N17-R021; canonical naxwe chapters 01-12; morphology and phonology resources	pending	applied-awaiting-cleanup-review
2026-08-12	resources/naxwe/00-luqadda-iyo-fekerka.md	N00-R002	21	jaceyl	jacayl	repository-supported	resources/naxwe/02-sarfaha-magacyada.md lines 43 and 191; resources/sarfe/01-magacyada.md line 65; resources/qaamuus/03-j.md; resources/madax-ereyo/03-j.md	maintainer	applied-awaiting-cleanup-review
2026-08-12	resources/naxwe/00-luqadda-iyo-fekerka.md	N00-R003	33	goolleey without a repository provenance note	goolleey retained with an explicit unresolved-source note	unresolved/intentional-retained	repository-wide search found the form only in this source; approved N00-R003 prohibits inferred normalization	maintainer	applied-awaiting-cleanup-review
2026-08-12	resources/naxwe/00-luqadda-iyo-fekerka.md	N00-R004	59-64	three ka dugsan examples without a repository provenance note	examples retained with an explicit unresolved-source note	unresolved/intentional-retained	repository-wide search found no matching lexical or grammatical evidence; approved N00-R004 prohibits an inferred replacement	maintainer	applied-awaiting-cleanup-review
2026-08-12	resources/naxwe/00-luqadda-iyo-fekerka.md	N00-R005	68-72	unlinked metalinguistic terms	magac, fal, sifo, and horyaale linked to detailed SLS chapters	structural-only	resources/naxwe/02-sarfaha-magacyada.md; 03-sarfaha-tifaftireyaasha.md; 06-sarfaha-iskuxireyaasha.md; 07-sarfaha-falalka.md	maintainer	applied-awaiting-cleanup-review
2026-08-12	resources/naxwe/00-luqadda-iyo-fekerka.md	N00-R006	76-87	unscoped universal claims about all languages and one identical descriptive toolkit	claims scoped to spoken languages and the descriptive framework of this chapter	unresolved/intentional-retained	approved N00-R006; resources/naxwe/01-ereyada.md; resources/dhawaaq/	maintainer	applied-awaiting-cleanup-review
2026-08-12	resources/naxwe/01-ereyada.md	N01-R001,N01-R006	1-16;155-159	introductory lexicon and word-formation sections without navigation	links to canonical syntax and morphology resources added	structural-only	resources/naxwe/09-12; resources/sarfe/03-dhismaha-ereyga.md	maintainer	applied-awaiting-cleanup-review
2026-08-12	resources/naxwe/01-ereyada.md	N01-R002,N01-R003	25-30;44-55	absolute one-word/one-meaning claim and unsupported normalization risk for fardoole	polysemy-compatible wording and explicit unresolved-source note for fardoole	unresolved/intentional-retained	same-file semantic-broadening section; resources/qaamuus/13-f.md and resources/madax-ereyo/13-f.md record fardooley only	maintainer	applied-awaiting-cleanup-review
2026-08-12	resources/naxwe/01-ereyada.md	N01-R004	77-100	regional synonym and loan-origin statements presented without source scope	statements retained as the source's explanations	repository-supported/intentional-retained	resources/qaamuus entries sammi, illin, irrid, and qalbi; approved N01-R004	maintainer	applied-awaiting-cleanup-review
2026-08-12	resources/naxwe/01-ereyada.md	N01-R005	112;118	dug	duug	repository-supported	same-file line 120; resources/qaamuus/06-d.md entries dug and duug; resources/madax-ereyo/06-d.md	maintainer	applied-awaiting-cleanup-review
2026-08-12	resources/naxwe/01-ereyada.md	N01-R007	160-195	one-meaning and universal wording plus claim that Somali was oral-only until 1972	claims qualified and 1972 statement limited to official Latin-script adoption	repository-supported/intentional-retained	spec/orthography/0001-alphabet.md; resources/qoraal/06-xarafka-weyn.md; resources/dhawaaq/	maintainer	applied-awaiting-cleanup-review
2026-08-12	resources/naxwe/01-ereyada.md	N01-R008,N01-R009	196-240	32 alphabet symbols treating five long-vowel spellings as additional vowel letters	SLS inventory of 26 base letters plus glottal-stop sign; long vowels identified as doubled spellings	repository-supported	spec/orthography/0001-alphabet.md R1-R4 and R8; resources/dhawaaq/04-shaqaallada.md	maintainer	applied-awaiting-cleanup-review
2026-08-12	resources/naxwe/01-ereyada.md	N01-R010	241-265	codkac patterns presented as exceptionless and three source-only accented forms unlabeled	pattern scoped to relevant nouns and source-only rows explicitly identified	repository-supported/unresolved	resources/naxwe/02-sarfaha-magacyada.md; resources/sarfe/01-magacyada.md; resources/dhawaaq/05-codadka-sare.md	maintainer	applied-awaiting-cleanup-review
2026-08-12	resources/naxwe/01-ereyada.md	N01-R011,N01-R012	266-291	final-consonant inventory presented as a universal rule and assimilation set without canonical links	final changes scoped to the source analysis; exceptions and assimilation delegated to phonology and morphology	repository-supported/unresolved	resources/dhawaaq/08-gariirka-iyo-glotis-furan.md; resources/sarfe/04-isbeddelka-codka.md	maintainer	applied-awaiting-cleanup-review
2026-08-12	resources/naxwe/01-ereyada.md	N01-R013	292-301	three source-only contractions followed by unsupported time-saving explanation	examples source-labeled and conclusion made descriptive rather than teleological	unresolved/intentional-retained	resources/qoraal/01-hadal-iyo-qoraal.md; resources/qoraal/02-eray-kooban-hadalka.md	maintainer	applied-awaiting-cleanup-review
2026-08-12	resources/naxwe/02-sarfaha-magacyada.md	N02-R001,N02-R002	1-44	word-class and feature analysis without SLS navigation or source-model scope	overview link and source-model scope note added	structural-only/intentional-retained	resources/naxwe/13-aasaaska-naxwaha.md; resources/naxwe/ereyfur.md	maintainer	applied-awaiting-cleanup-review
2026-08-12	resources/naxwe/02-sarfaha-magacyada.md	N02-R003	58-60	markaantaana and noun diagnostics stated without exceptions	markaasna; diagnostics stated as strong but not mandatory for every noun	repository-supported	same-file non-plural section; repository-wide support for isla markaasna; resources/naxwe/03-sarfaha-tifaftireyaasha.md	maintainer	applied-awaiting-cleanup-review
2026-08-12	resources/naxwe/02-sarfaha-magacyada.md	N02-R004	75-107	natural sex equated categorically with grammatical gender and abbreviated article forms presented without scope	natural sex treated as a guide; grammatical gender confirmed by agreement; forms labeled as examples	repository-supported/intentional-retained	resources/sarfe/01-magacyada.md; resources/naxwe/03-sarfaha-tifaftireyaasha.md	maintainer	applied-awaiting-cleanup-review
2026-08-12	resources/naxwe/02-sarfaha-magacyada.md	N02-R005	109-161	codkac and ending patterns presented generally; source-only golo and gato unlabeled	patterns scoped to represented noun classes; source-only forms and accent rows explicitly labeled	repository-supported/unresolved	resources/naxwe/01-ereyada.md; resources/dhawaaq/05-codadka-sare.md; repository-wide exact-form searches	maintainer	applied-awaiting-cleanup-review
2026-08-12	resources/naxwe/02-sarfaha-magacyada.md	N02-R006,N02-R007	162-207	all nouns introduced as having singular/plural forms and countability treated absolutely	number contrast limited to participating count nouns and classification framed as ordinary chapter usage	repository-supported/intentional-retained	resources/sarfe/01-magacyada.md; same-file non-plural classes	maintainer	applied-awaiting-cleanup-review
2026-08-12	resources/naxwe/02-sarfaha-magacyada.md	N02-R008	208-224	gender-polarity statement presented as exceptionless	statement scoped to the plural classes gathered in the chapter with morphology link	repository-supported/intentional-retained	resources/sarfe/01-magacyada.md; resources/naxwe/03-sarfaha-tifaftireyaasha.md	maintainer	applied-awaiting-cleanup-review
2026-08-12	resources/naxwe/02-sarfaha-magacyada.md	N02-R009,N02-R010	225-283	plural ending lists presented productively and qamuun/qamuunno left without provenance status	lists scoped to represented classes; qamuun/qamuunno retained with explicit unresolved-source note	repository-supported/unresolved	resources/sarfe/01-magacyada.md; resources/sarfe/04-isbeddelka-codka.md; dictionary kamuun entry does not uniquely support substitution	maintainer	applied-awaiting-cleanup-review
2026-08-12	resources/naxwe/02-sarfaha-magacyada.md	N02-R011,N02-R012,N02-R013	284-344	later plural classes lacked canonical links and two codkac-only rows had no independent status	canonical morphology links added; source-only Cárab/Caráb and órgi/orgí rows labeled; feminine classes scoped	repository-supported/unresolved/intentional-retained	resources/sarfe/01-magacyada.md; resources/sarfe/04-isbeddelka-codka.md; repository-wide accented-form search	maintainer	applied-awaiting-cleanup-review
2026-08-12	resources/naxwe/03-sarfaha-tifaftireyaasha.md	N03-R001,N03-R002	1-32	four-part taxonomy lacked navigation and article/proper-noun statements were categorical	navigation added; -ka/-ta identified as base forms; shared-knowledge and proper-noun claims scoped	repository-supported/structural-only/intentional-retained	resources/naxwe/ereyfur.md; resources/naxwe/02-sarfaha-magacyada.md; resources/sarfe/01-magacyada.md	maintainer	applied-awaiting-cleanup-review
2026-08-12	resources/naxwe/03-sarfaha-tifaftireyaasha.md	N03-R003	34-56	article-allomorph ending lists presented without scope	inventories retained as the chapter's gathered patterns with morphophonology link	repository-supported/intentional-retained	resources/naxwe/01-ereyada.md; resources/sarfe/04-isbeddelka-codka.md; dictionary base entries	maintainer	applied-awaiting-cleanup-review
2026-08-12	resources/naxwe/03-sarfaha-tifaftireyaasha.md	N03-R004	58-75	-kii/-tii remote-or-past explanation presented as exhaustive	uses scoped to this introductory analysis and independent pronominal use linked	repository-supported/intentional-retained	resources/sarfe/01-magacyada.md; resources/naxwe/04-sarfaha-magacuyaallada.md	maintainer	applied-awaiting-cleanup-review
2026-08-12	resources/naxwe/03-sarfaha-tifaftireyaasha.md	N03-R005	77-104	gasacan lacked independent repository support	gasacan retained and explicitly labeled an unresolved source form	unresolved/intentional-retained	repository-wide exact-form search; resources/sarfe/01-magacyada.md supports surrounding demonstratives	maintainer	applied-awaiting-cleanup-review
2026-08-12	resources/naxwe/03-sarfaha-tifaftireyaasha.md	N03-R006	106-119	koo/too grouped as distance-based demonstrative determiners	original table retained with note classifying koo/too as independent indefinite pronouns; keer/teer confirmed as demonstratives	repository-supported/classification-change	resources/qaamuus/15-k.md keer and koo entries; resources/qaamuus/02-t.md teer and too entries; resources/naxwe/04-sarfaha-magacuyaallada.md	maintainer	applied-awaiting-cleanup-review
2026-08-12	resources/naxwe/03-sarfaha-tifaftireyaasha.md	N03-R007	121-153	-kee treated as sufficient question analysis and wadakee lacked independent support	introductory explanation scoped; focus syntax linked; wadakee retained as unresolved without inferred repair	repository-supported/unresolved	resources/naxwe/12-noocyada-weeraha.md; resources/naxwe/04-sarfaha-magacuyaallada.md; repository-wide exact-form search	maintainer	applied-awaiting-cleanup-review
2026-08-12	resources/naxwe/03-sarfaha-tifaftireyaasha.md	N03-R008,N03-R009	155-191	possessive paradigm and gender analysis lacked canonical navigation	complete paradigm retained and linked to independent possessive/pronoun series	repository-supported	resources/naxwe/04-sarfaha-magacuyaallada.md; resources/naxwe/17-naxwaha-af-soomaaliga.md; dictionary possessive entries	maintainer	applied-awaiting-cleanup-review
2026-08-12	resources/naxwe/03-sarfaha-tifaftireyaasha.md	N03-R010	193-216	possessive-plus-article decomposition and bare-possessive lexical class stated universally	analysis attributed to the chapter; lexical scope qualified; noun-phrase resource linked	repository-supported/intentional-retained/unresolved	resources/naxwe/10-dhismaha-oraah-magaceedyada.md; resources/naxwe/17-naxwaha-af-soomaaliga.md; dictionary possessive entries	maintainer	applied-awaiting-cleanup-review
2026-08-12	resources/naxwe/04-sarfaha-magacuyaallada.md	N04-R001,N04-R002	1-35	independent/reduced opening sounded exhaustive and lacked navigation	personal-pronoun scope clarified; all ten examples retained; later determiner-derived group previewed	repository-supported/structural-only	resources/naxwe/ereyfur.md; resources/qaamuus/17-m.md; resources/naxwe/13-aasaaska-naxwaha.md	maintainer	applied-awaiting-cleanup-review
2026-08-12	resources/naxwe/04-sarfaha-magacuyaallada.md	N04-R003	37-53	noun-like and masculine claims applied broadly; magacuyaal sooca differed from glossary term	claims scoped to independent personal pronouns; magacuyaal soocan adopted	repository-supported/terminology-normalization	resources/qaamuus/17-m.md; resources/naxwe/ereyfur.md entries magacuyaal soocan and magacuyaal mideeya	maintainer	applied-awaiting-cleanup-review
2026-08-12	resources/naxwe/04-sarfaha-magacuyaallada.md	N04-R004	55-70	ragtoodu; inclusive row innu/aannu; ina metadata conflict	rugtoodu; inclusive row aynu/aynu; ina retained with explicit conflict note	repository-supported/unresolved	resources/naxwe/14-naxwaha-cusub.md; resources/naxwe/15-naxwaha-sifayneed.md; resources/qaamuus/22-a.md entry aynnu; resources/qaamuus/24-i.md entry ina	maintainer	applied-awaiting-cleanup-review
2026-08-12	resources/naxwe/04-sarfaha-magacuyaallada.md	N04-R005	72-84	absence of overt object clitic treated as sufficient identification of a third-person object	zero-object reading qualified by verb and discourse context; syntax and clitic-combination links added	repository-supported/intentional-retained	resources/naxwe/09-weer-fudud.md; resources/naxwe/06-sarfaha-iskuxireyaasha.md	maintainer	applied-awaiting-cleanup-review
2026-08-12	resources/naxwe/04-sarfaha-magacuyaallada.md	N04-R006	86-109	la explanation was internally contradictory and plural is readings lacked contextual qualification	la described as an unnamed or unidentified actor; reflexive/reciprocal distinction made context-sensitive	repository-supported/interpretive-qualification	resources/naxwe/17-naxwaha-af-soomaaliga.md; resources/naxwe/15-naxwaha-sifayneed.md; resources/qaamuus/24-i.md entry is	maintainer	applied-awaiting-cleanup-review
2026-08-12	resources/naxwe/04-sarfaha-magacuyaallada.md	N04-R007,N04-R008	111-136	determiner-derived possessives lacked navigation; Guryahaan unmatched; variant possessive spellings unlabeled	determiner link added; Guryahaan retained unresolved; kayaga/tayada retained as dictionary-recorded variants	repository-supported/unresolved/intentional-retained	resources/naxwe/03-sarfaha-tifaftireyaasha.md; dictionary independent-possessive entries; repository-wide exact-form search	maintainer	applied-awaiting-cleanup-review
2026-08-12	resources/naxwe/04-sarfaha-magacuyaallada.md	N04-R009	138-147	demonstrative and kii/tii pronominal uses lacked canonical navigation	all examples retained and full determiner treatment linked	repository-supported/structural-only	resources/qaamuus entries kan, tan, kii, and tii; resources/naxwe/03-sarfaha-tifaftireyaasha.md	maintainer	applied-awaiting-cleanup-review
2026-08-12	resources/naxwe/04-sarfaha-magacuyaallada.md	N04-R010	149-158	kuwe had no independent repository match and no unique correction	kuwe retained as unresolved; kuwo and kuwoo documented as competing dictionary forms	repository-supported/unresolved	resources/qaamuus entries koo, tu, too, kuwo, and kuwoo; resources/naxwe/17-naxwaha-af-soomaaliga.md	maintainer	applied-awaiting-cleanup-review
2026-08-12	resources/naxwe/04-sarfaha-magacuyaallada.md	N04-R011	160-173	interrogative inventory lacked syntax navigation and restriction was overly terse	inventory and examples retained; interrogative-use wording scoped; question chapter linked	repository-supported/structural-only	resources/qaamuus entries yaa, kee, tee, kuwee, kuma, and tuma; resources/naxwe/12-noocyada-weeraha.md	maintainer	applied-awaiting-cleanup-review
2026-08-12	resources/naxwe/05-sarfaha-tirada.md	N05-R001	1-5	jagaale used alone as parallel taxonomy term; numeral-as-noun analysis stated universally	tiraale jago aligned with glossary; jagaale retained; noun analysis attributed to chapter	repository-supported/terminology-alignment/intentional-retained	resources/naxwe/ereyfur.md; resources/qaamuus/02-t.md; resources/qaamuus/00-abbreviations.md	maintainer	applied-awaiting-cleanup-review
2026-08-12	resources/naxwe/05-sarfaha-tirada.md	N05-R002	6-24	selective cardinal inventory with unresolved gaps	table labeled representative; every displayed row retained; no missing form inferred	repository-supported/unresolved/intentional-retained	dictionary numeral entries; resources/naxwe/17-naxwaha-af-soomaaliga.md	maintainer	applied-awaiting-cleanup-review
2026-08-12	resources/naxwe/05-sarfaha-tirada.md	N05-R003	26-45	-ood described as feminine-only despite masculine faras to fardood example	gender-only rule replaced by illustrated counted-noun patterns; all phrases retained	repository-supported/classification-correction/interpretive-qualification	resources/qaamuus/13-f.md entry faras; resources/naxwe/17-naxwaha-af-soomaaliga.md	maintainer	applied-awaiting-cleanup-review
2026-08-12	resources/naxwe/05-sarfaha-tirada.md	N05-R004	47-56	mass-noun restriction absolute; walxaha tirsami kari maayo agreement error	restriction scoped to ordinary direct unmeasured use; agreement repaired; examples retained	repository-supported/grammar-correction/interpretive-qualification	resources/naxwe/ereyfur.md; resources/qaamuus/02-t.md; resources/qaamuus/17-m.md; resources/sarfe/01-magacyada.md	maintainer	applied-awaiting-cleanup-review
2026-08-12	resources/naxwe/05-sarfaha-tirada.md	N05-R005	58-61	-eeya contradicted displayed -eeye forms; -eeyo and range unexplained	-eeye corrected; related -eeyo forms distinguished; decade-series claim scoped	repository-supported/form-correction/interpretive-qualification	dictionary entries tobaneeye, labaatameeye, and sagaashameeyo	maintainer	applied-awaiting-cleanup-review
2026-08-12	resources/naxwe/05-sarfaha-tirada.md	N05-R006,N05-R007	63-81	Tiro jagaale heading and Jagaale table labels differed from glossary compound	Tiraale jago adopted in heading and labels; jagaale and every table data row retained	repository-supported/terminology-alignment/intentional-retained	resources/naxwe/ereyfur.md; resources/qaamuus/02-t.md; resources/naxwe/17-naxwaha-af-soomaaliga.md	maintainer	applied-awaiting-cleanup-review
2026-08-12	resources/naxwe/05-sarfaha-tirada.md	N05-R008	83-88	-aad presented as unchanged concatenation in every ordinal	general pattern retained with surface-form adjustment qualification; examples and order contrast retained	repository-supported/interpretive-qualification	resources/naxwe/17-naxwaha-af-soomaaliga.md; dictionary ordinal entries	maintainer	applied-awaiting-cleanup-review
2026-08-12	resources/naxwe/06-sarfaha-iskuxireyaasha.md	N06-R001	1-13	bound conjunction na written without bound marker	-na adopted in opening; taxonomy and analogy retained	repository-supported/form-clarification/intentional-retained	resources/qaamuus/24-i.md entry iskuxireyaal; resources/naxwe/ereyfur.md; resources/qaamuus/18-n.md entry na	maintainer	applied-awaiting-cleanup-review
2026-08-12	resources/naxwe/06-sarfaha-iskuxireyaasha.md	N06-R002	15-43	all non-subject nouns appeared to require a preposition; malformed lama haystaan weerta	introduction recast around verb valency; direct and preposition-marked complements distinguished; malformed prose repaired	repository-supported/logic-correction/grammar-correction	resources/naxwe/07-sarfaha-falalka.md; resources/naxwe/09-weer-fudud.md; dictionary horyaale	maintainer	applied-awaiting-cleanup-review
2026-08-12	resources/naxwe/06-sarfaha-iskuxireyaasha.md	N06-R003	20-150	preposition series had source-number gaps	numbers and all 30 examples retained; note added against reconstruction or renumbering	structural-only/unresolved/intentional-retained	same-file source sequence 1-4, 13-34, 41-42, 45-46	maintainer	applied-awaiting-cleanup-review
2026-08-12	resources/naxwe/06-sarfaha-iskuxireyaasha.md	N06-R004	44-79	unsupported historical claim; aad u labeled manner; Muriiddi and la walwalsanaa analysis unmatched	contextual polysemy used; degree label corrected; example 25 retained with unresolved note	repository-supported/interpretive-qualification/unresolved/intentional-retained	resources/naxwe/13-aasaaska-naxwaha.md; resources/naxwe/16-weeraynta-soomaaliga.md; resources/qaamuus/17-m.md entry muriid; resources/qaamuus/19-w.md entry walwalsan	maintainer	applied-awaiting-cleanup-review
2026-08-12	resources/naxwe/06-sarfaha-iskuxireyaasha.md	N06-R005	80-100	Marka weer ka laga word-boundary error; terse Nuqul header	weerka corrected; header clarified as Qaabka ka dhasha (nuqul); all data rows and examples retained	repository-supported/word-boundary-correction/intentional-retained	resources/naxwe/09-weer-fudud.md; repository usage of all nine combined forms	maintainer	applied-awaiting-cleanup-review
2026-08-12	resources/naxwe/06-sarfaha-iskuxireyaasha.md	N06-R006	101-115	object-pronoun introduction had agreement shift and no navigation	agreement smoothed; complete table and examples retained; pronoun and syntax resources linked	repository-supported/grammar-clarification	resources/naxwe/04-sarfaha-magacuyaallada.md; resources/naxwe/09-weer-fudud.md; dictionary object-pronoun entries	maintainer	applied-awaiting-cleanup-review
2026-08-12	resources/naxwe/06-sarfaha-iskuxireyaasha.md	N06-R007	116-130	is+ku and is+ka both given as iska	is+ku corrected to isku; is+ka remains iska; terminology aligned	repository-supported/paradigm-correction/terminology-alignment	resources/qaamuus/24-i.md entry is; resources/naxwe/ereyfur.md; repository-wide isku and iska evidence	maintainer	applied-awaiting-cleanup-review
2026-08-12	resources/naxwe/06-sarfaha-iskuxireyaasha.md	N06-R008	131-150	dense rare-form paradigm lacked provenance scope	paradigm labeled as source-gathered; all 24 table outcomes, six impersonal outcomes, and four examples retained	repository-supported/intentional-retained	repository-wide exact-form checks; resources/naxwe/09-weer-fudud.md; resources/naxwe/17-naxwaha-af-soomaaliga.md	maintainer	applied-awaiting-cleanup-review
2026-08-12	resources/naxwe/06-sarfaha-iskuxireyaasha.md	N06-R009	152-161	conjunction definition limited entire class to equal independent units	definition broadened to words, phrases, and clauses; coordination identified as local example pattern	repository-supported/scope-correction	resources/qaamuus/04-x.md entry xiriiriye; resources/naxwe/10-dhismaha-oraah-magaceedyada.md; resources/naxwe/11-weerta-adag.md	maintainer	applied-awaiting-cleanup-review
2026-08-12	resources/naxwe/06-sarfaha-iskuxireyaasha.md	N06-R010	163-181	iyo and -na attachment prose was indirect	all nine examples retained; bound attachment description clarified	repository-supported/structural-only	resources/qaamuus entries iyo and na; resources/naxwe/13-aasaaska-naxwaha.md; resources/naxwe/17-naxwaha-af-soomaaliga.md	maintainer	applied-awaiting-cleanup-review
2026-08-12	resources/naxwe/06-sarfaha-iskuxireyaasha.md	N06-R011	182-200	oo agreement errors; modifier and dependent uses labeled as complete-clause coordination	agreement repaired; coordination, predicate description, imperative sequence, and simultaneous dependent construction distinguished	repository-supported/classification-correction/grammar-correction	resources/qaamuus/30-oo.md entry oo; resources/naxwe/11-weerta-adag.md; resources/naxwe/16-weeraynta-soomaaliga.md	maintainer	applied-awaiting-cleanup-review
2026-08-12	resources/naxwe/06-sarfaha-iskuxireyaasha.md	N06-R012	201-222	ee example 18 actions labeled inherently opposite; noun-phrase use lacked navigation	contrast description qualified; all examples retained; noun-phrase analysis linked	repository-supported/interpretive-qualification	resources/qaamuus/23-e.md entry ee; resources/naxwe/10-dhismaha-oraah-magaceedyada.md; resources/naxwe/11-weerta-adag.md	maintainer	applied-awaiting-cleanup-review
2026-08-12	resources/naxwe/06-sarfaha-iskuxireyaasha.md	N06-R013	223-230	-se description had subject-verb agreement error	agreement repaired; bound form and both examples retained	repository-supported/grammar-correction	resources/qaamuus/08-s.md entry se; resources/naxwe/13-aasaaska-naxwaha.md	maintainer	applied-awaiting-cleanup-review
2026-08-12	resources/naxwe/06-sarfaha-iskuxireyaasha.md	N06-R014	231-240	ama versus mise distinction stated categorically; paired source spellings lacked unique full normalization	ordinary contrast scoped; all examples and joogeysaa/tegeysaa retained	repository-supported/interpretive-qualification/intentional-retained	resources/qaamuus/22-a.md entry ama; resources/qaamuus/17-m.md entry mise; resources/naxwe/17-naxwaha-af-soomaaliga.md	maintainer	applied-awaiting-cleanup-review
2026-08-12	resources/naxwe/06-sarfaha-iskuxireyaasha.md	N06-R015	242-249	laakiin and haseyeeshee compared globally with multifunctional ee	two forms described directly as adversative; all examples and source punctuation retained	repository-supported/scope-correction/intentional-retained	resources/qaamuus entries laakiin, haseyeeshee, and sow; resources/naxwe/13-aasaaska-naxwaha.md	maintainer	applied-awaiting-cleanup-review
2026-08-12	resources/naxwe/07-sarfaha-falalka.md	N07-R001	1-24	source example numbers had gaps and later resets	numbering note added; all original numbers and examples retained	structural-only/intentional-retained	resources/naxwe/ereyfur.md; resources/sarfe/02-falalka.md; same-file source sequence	maintainer	applied-awaiting-cleanup-review
2026-08-12	resources/naxwe/07-sarfaha-falalka.md	N07-R002	26-61	gal+tay incorrectly produced unrelated qashay	gal+tay corrected to gashay; complete person and gender paradigms retained	repository-supported/paradigm-correction	resources/qaamuus/12-g.md entry gal; dictionary qashay paradigms	maintainer	applied-awaiting-cleanup-review
2026-08-12	resources/naxwe/07-sarfaha-falalka.md	N07-R003	63-87	present definition limited the tense to speech-time progressive events	definition scoped to present reference and deferred aspect distinctions; all 21 table cells retained	repository-supported/scope-correction	resources/sarfe/02-falalka.md; same-file lines 117-121	maintainer	applied-awaiting-cleanup-review
2026-08-12	resources/naxwe/07-sarfaha-falalka.md	N07-R004	89-133	present said to have two aspects while three labels were listed; simple past required a one-time instantaneous event	present labels corrected to socota and caadaley; simple-past description scoped; all examples and 35 cells retained	repository-supported/logic-correction/scope-correction	resources/sarfe/02-falalka.md; resources/naxwe/08-hogatuska-baradigmaha-falalka.md	maintainer	applied-awaiting-cleanup-review
2026-08-12	resources/naxwe/07-sarfaha-falalka.md	N07-R005	135-186	advisory qorteen was past and conditional cunlahaa lacked infinitive marker	qorteen corrected to qortaan; cunlahaa corrected to cuni lahaa; mood paradigms retained	repository-supported/paradigm-correction/form-correction	resources/naxwe/12-noocyada-weeraha.md; resources/naxwe/08-hogatuska-baradigmaha-falalka.md	maintainer	applied-awaiting-cleanup-review
2026-08-12	resources/naxwe/07-sarfaha-falalka.md	N07-R006	187-219	three conjugation classes lacked maintained paradigm navigation	all classes, examples, and table cells retained; compact and detailed paradigm links added	repository-supported/intentional-retained	resources/sarfe/02-falalka.md; resources/naxwe/08-hogatuska-baradigmaha-falalka.md	maintainer	applied-awaiting-cleanup-review
2026-08-12	resources/naxwe/07-sarfaha-falalka.md	N07-R007	220-250	stative progressive restriction and lexical division were stated as unqualified repository-wide rules	claims attributed to the chapter; full adag paradigm and both lexical lists retained	repository-supported/interpretive-qualification/intentional-retained	resources/naxwe/ereyfur.md; resources/sarfe/02-falalka.md; dictionary stative entries	maintainer	applied-awaiting-cleanup-review
2026-08-12	resources/naxwe/07-sarfaha-falalka.md	N07-R008	251-277	five aqaanaa cells were overextended; aqiin lacked person prefix; aal confused form with root	five cells corrected to aqaan; past illustrated as iqiin; root corrected to ool; full paradigm link added	repository-supported/paradigm-correction/root-form-correction	resources/naxwe/08-hogatuska-baradigmaha-falalka.md; resources/sarfe/02-falalka.md	maintainer	applied-awaiting-cleanup-review
2026-08-12	resources/naxwe/07-sarfaha-falalka.md	N07-R009	278-317	jir habitual example labeled past progressive; two future forms lacked final a; plural agreement was singular	jir relabeled tagto caadaley; both forms corrected to doonaa; plural agreement repaired	repository-supported/classification-correction/form-correction/grammar-correction	same-file aspect table; resources/naxwe/06-sarfaha-iskuxireyaasha.md; resources/sarfe/02-falalka.md	maintainer	applied-awaiting-cleanup-review
2026-08-12	resources/naxwe/07-sarfaha-falalka.md	N07-R010	318-344	transitivity tendencies lacked complement-system navigation	all six examples and semantic groupings retained; preposition and simple-sentence links added	repository-supported/interpretive-qualification/intentional-retained	resources/naxwe/06-sarfaha-iskuxireyaasha.md; resources/naxwe/09-weer-fudud.md; dictionary verb entries	maintainer	applied-awaiting-cleanup-review
2026-08-12	resources/naxwe/07-sarfaha-falalka.md	N07-R011	345-383	causative allomorph distribution sounded universal and supported ay/ey variants were inconsistent only graphically	distribution attributed to chapter; kariyay and kariyey retained; full derivation table retained	repository-supported/form-clarification/intentional-retained	resources/qaamuus/15-k.md entry kari; resources/sarfe/03-dhismaha-ereyga.md	maintainer	applied-awaiting-cleanup-review
2026-08-12	resources/naxwe/07-sarfaha-falalka.md	N07-R012	384-399	middle/reflexive glosses appeared exhaustive of the displayed lexical forms	glosses scoped as readings of the examples; all six numbered forms and three allomorphs retained	repository-supported/interpretive-qualification/intentional-retained	resources/sarfe/03-dhismaha-ereyga.md; dictionary dhaqan, beeran, and gub entries	maintainer	applied-awaiting-cleanup-review
2026-08-12	resources/naxwe/07-sarfaha-falalka.md	N07-R013	400-416	oob and ood descriptions reversed noun-to-verb derivation; unaccusative explanation was opaque	both directions corrected; patient-to-subject wording clarified; every suffix and example retained	repository-supported/logic-correction/terminology-clarification	resources/sarfe/03-dhismaha-ereyga.md; dictionary fur, caro, dhaxan, biyo, and oday entries	maintainer	applied-awaiting-cleanup-review
2026-08-12	resources/naxwe/07-sarfaha-falalka.md	N07-R014	417-438	deverbal-noun opening reversed derivation; final grammar incomplete; feminine forms did not support one te rule	opening and grammar repaired; all categories retained; abuurto, karise, and barate marked unresolved	logic-correction/grammar-correction/unresolved/intentional-retained	resources/sarfe/03-dhismaha-ereyga.md; dictionary qosol, qoslid, karis, and abuure entries; repository-wide searches	maintainer	applied-awaiting-cleanup-review
2026-08-12	resources/naxwe/07-sarfaha-falalka.md	N07-R015	whole file	32 examples had source gaps and resets and chapter lacked navigation	all examples and source numbers retained; numbering note and eight link occurrences to six targets added	structural-only/unresolved/intentional-retained	same-file source sequence; resources/naxwe chapters 06, 08, 09, and 12; resources/sarfe chapters 02-03	maintainer	applied-awaiting-cleanup-review
2026-08-12	resources/naxwe/08-hogatuska-baradigmaha-falalka.md	N08-R001	1-7	body spelling differed from glossary and opening promised every mood despite selected coverage	baradigme terminology aligned; opening scoped to negative, stative, and irregular paradigms	repository-supported/terminology-alignment/scope-correction	resources/naxwe/ereyfur.md; dictionary hogatus; same-file table inventory	maintainer	applied-awaiting-cleanup-review
2026-08-12	resources/naxwe/08-hogatuska-baradigmaha-falalka.md	N08-R002	9-20	bare negative verb forms were labeled complete negative imperatives and required ha was omitted	all five rows retained and relabeled; ha cunin and plural ha cunina explained; chapter 12 linked	repository-supported/classification-correction/form-clarification/intentional-retained	resources/naxwe/12-noocyada-weeraha.md; resources/naxwe/17-naxwaha-af-soomaaliga.md; resources/sarfe/02-falalka.md	maintainer	applied-awaiting-cleanup-review
2026-08-12	resources/naxwe/08-hogatuska-baradigmaha-falalka.md	N08-R003	21-48	declarative, imperative, advisory, and dependent particles were conflated; person-neutrality was overgeneralized	four environments separated; claim limited to displayed ma cunin; ma cunayn(in) retained unresolved	repository-supported/classification-correction/scope-correction/unresolved/intentional-retained	resources/naxwe/12-noocyada-weeraha.md; same-file cun and stative tables	maintainer	applied-awaiting-cleanup-review
2026-08-12	resources/naxwe/08-hogatuska-baradigmaha-falalka.md	N08-R004	50-66	fiican named without table; six adag cells split maintained forms; future negative lacked ma; ayn scope was overbroad	table scoped to adag; six cells joined; ma adkaan doono restored; auxiliary negation distinguished	repository-supported/paradigm-alignment/form-correction/classification-correction	resources/naxwe/07-sarfaha-falalka.md; resources/sarfe/02-falalka.md	maintainer	applied-awaiting-cleanup-review
2026-08-12	resources/naxwe/08-hogatuska-baradigmaha-falalka.md	N08-R005	68-89	plural agreement error; present aqaan mapped to past ma aqoon; ma yaalo lacked unique normalization	agreement repaired; ma aqaan adopted; ma yaalo retained with unresolved source note; full table retained	repository-supported/grammar-correction/tense-correction/unresolved/intentional-retained	resources/naxwe/07-sarfaha-falalka.md; resources/sarfe/02-falalka.md; repository usage of ma aqaan, ma yaqaan, ma aqoon, yaalo, and yaallo	maintainer	applied-awaiting-cleanup-review
2026-08-12	resources/naxwe/08-hogatuska-baradigmaha-falalka.md	N08-R006	91-105	all past negatives said to end in in despite ma ahayn; ma described as following the verb	all 35 cells and rare negatives retained; first four forms separated from exceptional ma ahayn; particle order corrected	repository-supported/logic-correction/grammar-correction/intentional-retained	dictionary aqoo, al, dheh, and imow entries; resources/naxwe chapters 07 and 13; repository ma ahayn usage	maintainer	applied-awaiting-cleanup-review
2026-08-12	resources/naxwe/08-hogatuska-baradigmaha-falalka.md	N08-R007	107-113	ten irregular advisory forms appeared to constitute a complete person paradigm	all ten forms retained and scoped as selected examples; complete advisory accounts linked	repository-supported/scope-correction/intentional-retained	resources/naxwe/07-sarfaha-falalka.md; resources/naxwe/12-noocyada-weeraha.md	maintainer	applied-awaiting-cleanup-review
2026-08-12	resources/naxwe/08-hogatuska-baradigmaha-falalka.md	N08-R008	115-127	conclusion conflated ha and yaan, reduced dependent negation to aan, and claimed universal suffix and invariant roots	conclusion rebuilt with separate ebyoon, amar, talo, and dhimman rows; special prefix paradigms stated	repository-supported/classification-correction/logic-correction/scope-correction	resources/naxwe/12-noocyada-weeraha.md; resources/naxwe/07-sarfaha-falalka.md; resources/naxwe/ereyfur.md	maintainer	applied-awaiting-cleanup-review
2026-08-12	resources/naxwe/08-hogatuska-baradigmaha-falalka.md	N08-R009	whole file	six dense tables lacked prerequisite and sentence-level navigation	complete structure retained; six links added to four grammar, morphology, and glossary targets	structural-only/repository-supported/intentional-retained	resources/naxwe/07-sarfaha-falalka.md; resources/naxwe/12-noocyada-weeraha.md; resources/sarfe/02-falalka.md; resources/naxwe/ereyfur.md	maintainer	applied-awaiting-cleanup-review
2026-08-12	resources/naxwe/09-weer-fudud.md	N09-R001	1-19	source example numbering had gaps and later resets	all 25 numbered forms/examples retained; source-numbering note added	structural-only/repository-supported/intentional-retained	same-file source sequence; resources/naxwe/12-noocyada-weeraha.md; resources/naxwe/ereyfur.md	maintainer	applied-awaiting-cleanup-review
2026-08-12	resources/naxwe/09-weer-fudud.md	N09-R002	21-36	mawduuc had source-specific argument use and Miiska case lacked independent resolution	mawduuc defined as the source argument term; Miiska waa yar yahay retained unresolved	terminology-clarification/unresolved/intentional-retained	resources/naxwe/11-weerta-adag.md; resources/naxwe/ereyfur.md; same-file nominative discussion	maintainer	applied-awaiting-cleanup-review
2026-08-12	resources/naxwe/09-weer-fudud.md	N09-R003	38-58	Weli absent from glossary and Adigu waa arday lacked an independent parallel	both source forms retained with explicit unresolved/source-status notes	unresolved/intentional-retained/repository-supported-in-part	resources/naxwe/11-weerta-adag.md; resources/naxwe/12-noocyada-weeraha.md; resources/naxwe/ereyfur.md	maintainer	applied-awaiting-cleanup-review
2026-08-12	resources/naxwe/09-weer-fudud.md	N09-R004	60-71	OM prose conflated form class with non-arguments and whole sentences	OM recast as a form available to predicate arguments and able to contain a relative clause; examples retained	repository-supported/logic-correction/classification-correction	resources/naxwe/06-sarfaha-iskuxireyaasha.md; resources/naxwe/07-sarfaha-falalka.md; resources/naxwe/10-dhismaha-oraah-magaceedyada.md	maintainer	applied-awaiting-cleanup-review
2026-08-12	resources/naxwe/09-weer-fudud.md	N09-R005	73-92	9.1.2 heading promoted; jinsi used for grammatical gender; regional baa/ayaa claim unsupported	heading demoted; jinsi aligned to cayn; geographic causation removed while functional equivalence retained	repository-supported/heading-repair/terminology-alignment/scope-correction	resources/naxwe/ereyfur.md; dictionary baa entry	maintainer	applied-awaiting-cleanup-review
2026-08-12	resources/naxwe/09-weer-fudud.md	N09-R006	94-140	Xeer II said subject followed verb although examples placed it before verb	word-order statement corrected; every example and all six table rows retained	same-file-exact/logic-correction/intentional-retained	same-file Xeer III and six-order table; resources/naxwe/12-noocyada-weeraha.md	maintainer	applied-awaiting-cleanup-review
2026-08-12	resources/naxwe/09-weer-fudud.md	N09-R007	141-155	final optionality paragraph again included a postverbal subject	optionality restricted to subject after focused OM and before verb; person examples retained	same-file-exact/logic-correction/scope-correction	same-file Xeer III and final two order-table rows	maintainer	applied-awaiting-cleanup-review
2026-08-12	resources/naxwe/09-weer-fudud.md	N09-R008	157-180	missing 9.2.2 undocumented; particle claim overbroad; line with galad malformed	gap documented; claim scoped to affirmative construction; malformed line repaired with qalad	repository-supported/scope-correction/grammar-correction/orthographic-correction/intentional-retained	resources/naxwe/12-noocyada-weeraha.md; resources/naxwe/13-aasaaska-naxwaha.md; resources/naxwe/16-weeraynta-soomaaliga.md	maintainer	applied-awaiting-cleanup-review
2026-08-12	resources/naxwe/09-weer-fudud.md	N09-R009	182-203	third-person object sentence rejected for lacking an overt clitic immediately before zero analysis	object rule split by overt first/second person versus third-person zero; sentence retained and judgment corrected	repository-supported/same-file-exact/logic-correction/classification-correction	resources/naxwe/04-sarfaha-magacuyaallada.md; same-file zero analysis; resources/naxwe/06-sarfaha-iskuxireyaasha.md	maintainer	applied-awaiting-cleanup-review
2026-08-12	resources/naxwe/09-weer-fudud.md	N09-R010	205-207	kaaga incorrectly decomposed as ku plus u plus ka	kaaga aligned to object ku plus kaga from prepositions ku plus ka; example retained	repository-supported/morphological-correction	resources/naxwe/06-sarfaha-iskuxireyaasha.md section 6.1.1	maintainer	applied-awaiting-cleanup-review
2026-08-12	resources/naxwe/09-weer-fudud.md	N09-R011	209-234	tree generalized all focus particles and final one-OM-one-verb rule contradicted imperative and nominal predicates	tree scoped to displayed transitive baa construction; conclusion repaired; diagram and example retained	same-file-exact/interpretive-qualification/logic-correction/intentional-retained	same-file Kaaley, omitted-subject, and nominal-predicate examples; resources/naxwe/10-dhismaha-oraah-magaceedyada.md	maintainer	applied-awaiting-cleanup-review
2026-08-12	resources/naxwe/09-weer-fudud.md	N09-R012	whole file	chapter lacked navigation while source numbering, table, and tree required preservation	all numbered content, six table rows, and tree retained; seven links added to six targets	structural-only/intentional-retained/repository-supported	resources/naxwe chapters 04, 06, 10, 11, and 12; resources/naxwe/ereyfur.md	maintainer	applied-awaiting-cleanup-review
2026-08-12	resources/naxwe/10-dhismaha-oraah-magaceedyada.md	N10-R001	1-18	lagu daran used stative form and OM was limited to argument function	corrected to lagu darin; OM functions scoped; examples 1-5 retained; chapters 3 and 9 linked	repository-supported/form-correction/scope-correction/intentional-retained	resources/naxwe/03-sarfaha-tifaftireyaasha.md; resources/naxwe/09-weer-fudud.md; dictionary dar entry	maintainer	applied-awaiting-cleanup-review
2026-08-12	resources/naxwe/10-dhismaha-oraah-magaceedyada.md	N10-R002	19-41	Soomaaliyeed classified as second noun; head definition malformed; Kani waa Maryan absolutely starred	possessor and relational modifier distinguished; definition repaired; alternate nominal-predicate reading retained	repository-supported/classification-correction/grammar-correction/judgment-qualification	resources/naxwe/ereyfur.md; resources/naxwe/09-weer-fudud.md; repository use of Soomaaliyeed	maintainer	applied-awaiting-cleanup-review
2026-08-12	resources/naxwe/10-dhismaha-oraah-magaceedyada.md	N10-R003	43-58	waydaariyo misspelled and focus-insertion string treated as absolutely ungrammatical	corrected to weydaariyo; single-OM reading separated from possible split reading; examples retained	repository-supported/orthographic-correction/judgment-qualification/intentional-retained	dictionary weydaari entry; resources/naxwe/03-sarfaha-tifaftireyaasha.md; resources/naxwe/09-weer-fudud.md	maintainer	applied-awaiting-cleanup-review
2026-08-12	resources/naxwe/10-dhismaha-oraah-magaceedyada.md	N10-R004	60-69	relational forms treated as nouns and aad/eed/ood claim lacked usage scope	forms described as relational modifiers in displayed construction; all examples and predicate judgments retained	repository-supported/classification-correction/scope-correction/intentional-retained	resources/naxwe/ereyfur.md; resources/naxwe/03-sarfaha-tifaftireyaasha.md; repository use of Soomaaliyeed	maintainer	applied-awaiting-cleanup-review
2026-08-12	resources/naxwe/10-dhismaha-oraah-magaceedyada.md	N10-R005	71-82	universal claim unsupported; examples 24-26 mislabeled as three-member; Agal unsupported; two forms source-only	claim scoped; examples identified as two-member groundwork; Agal corrected to Aqal; source-only forms retained unresolved	repository-supported-in-part/scope-correction/classification-correction/lexical-correction/unresolved/intentional-retained	resources/naxwe/11-weerta-adag.md; dictionary aqal and kharriban entries; repository-wide form search	maintainer	applied-awaiting-cleanup-review
2026-08-12	resources/naxwe/10-dhismaha-oraah-magaceedyada.md	N10-R006	84-102	three successive constituents all labeled nouns despite modifier guud and Soomaaliyeed	section and prose recast as three constituents; M shorthand clarified; all examples and nested diagram retained	repository-supported/classification-correction/terminology-clarification/intentional-retained	dictionary guud entry; resources/naxwe/ereyfur.md; repository use of Soomaaliyeed	maintainer	applied-awaiting-cleanup-review
2026-08-12	resources/naxwe/10-dhismaha-oraah-magaceedyada.md	N10-R007	104-123	starred strings rejected absolutely although nested reading could differ from intended direct co-modification	asterisks scoped to intended relation; alternate nested reading acknowledged; all three examples and flat diagram retained	same-file-exact/repository-supported/judgment-qualification/intentional-retained	same-file preceding nested diagram; resources/naxwe/06-sarfaha-iskuxireyaasha.md	maintainer	applied-awaiting-cleanup-review
2026-08-12	resources/naxwe/10-dhismaha-oraah-magaceedyada.md	N10-R008	124-140	ee prose claimed same-level modifiers while diagram attached ee Cali to inner OM	prose aligned with diagram; outer label clarified as ee plus M; examples and complete diagram retained	same-file-exact/repository-supported/logic-correction/intentional-retained	resources/naxwe/06-sarfaha-iskuxireyaasha.md; dictionary ee entry; same-file tree	maintainer	applied-awaiting-cleanup-review
2026-08-12	resources/naxwe/10-dhismaha-oraah-magaceedyada.md	N10-R009	142-151	three relative-clause examples ended with stale future navigation	all examples retained; direct chapter 11 relative-clause link added	repository-supported/navigation-update/intentional-retained	resources/naxwe/11-weerta-adag.md; resources/naxwe/ereyfur.md	maintainer	applied-awaiting-cleanup-review
2026-08-12	resources/naxwe/10-dhismaha-oraah-magaceedyada.md	N10-R010	whole file	26 examples and four diagrams had source gaps and no maintained navigation	all examples, gaps, and diagrams retained; five links added to five targets	structural-only/repository-supported/intentional-retained	resources/naxwe chapters 03, 06, 09, and 11; resources/naxwe/ereyfur.md	maintainer	applied-awaiting-cleanup-review
2026-08-12	resources/naxwe/11-weerta-adag.md	N11-R001	1-25	dependent sentence definition circular and universal dependent-mood claim contradicted later forms	definition and diagnostics scoped; chapter map and examples retained	repository-supported/same-file-exact/logic-correction/scope-correction/intentional-retained	resources/naxwe/ereyfur.md; dictionary in entry; same-file example 23 and four-way table	maintainer	applied-awaiting-cleanup-review
2026-08-12	resources/naxwe/11-weerta-adag.md	N11-R002	27-50	complement tense-selection inventory appeared exhaustive without independent confirmation	complete inventory and four examples retained as source analysis; tense/aspect link added	repository-supported-in-part/interpretive-qualification/intentional-retained	dictionary in entry; resources/naxwe/ereyfur.md; resources/naxwe/07-sarfaha-falalka.md	maintainer	applied-awaiting-cleanup-review
2026-08-12	resources/naxwe/11-weerta-adag.md	N11-R003	51-66	broken agreement and object Y+F label conflated with alternate subject Y+F order	corrected dhammaystirku; separated LY+F, F+Y, and Y+F; examples 20-23 retained	repository-supported/same-file-exact/grammar-correction/label-correction/unresolved/intentional-retained	same-file examples 15-16 and 20-23; dictionary in entry	maintainer	applied-awaiting-cleanup-review
2026-08-12	resources/naxwe/11-weerta-adag.md	N11-R004	68-76	nominal phrase Buugaggii aan kuu keenay labeled intrinsically ungrammatical	judgment scoped to incomplete independent declarative use; both examples retained	repository-supported/judgment-qualification/intentional-retained	resources/naxwe/10-dhismaha-oraah-magaceedyada.md; same-file completed sentence	maintainer	applied-awaiting-cleanup-review
2026-08-12	resources/naxwe/11-weerta-adag.md	N11-R005	77-116	first tree put relative clause under OF; filled-gap judgment overbroad; clitic rule reversed	tree rebuilt inside OM; judgment scoped; examples 7-9 reannotated; LY+Y optional and Y+LY required	same-file-exact/repository-supported/diagram-repair/logic-correction/judgment-qualification/intentional-retained	resources/naxwe/09-weer-fudud.md; resources/naxwe/10-dhismaha-oraah-magaceedyada.md; same-file prose and examples	maintainer	applied-awaiting-cleanup-review
2026-08-12	resources/naxwe/11-weerta-adag.md	N11-R006	117-146	11.2.2 promoted and complete four-way form analysis lacked independent person paradigm	heading demoted; all examples and four table rows retained as primary-source analysis	repository-supported-in-part/heading-repair/interpretive-qualification/intentional-retained	resources/naxwe/ereyfur.md; resources/naxwe/16-weeraynta-soomaaliga.md; same-file table	maintainer	applied-awaiting-cleanup-review
2026-08-12	resources/naxwe/11-weerta-adag.md	N11-R007	148-170	Weli undefined; hidden ah source-specific; Meel gabow diagram isolated and internally duplicated head	Weli documented; hidden ah scoped; diagram rebuilt from Nin wanaagsan; all numbered forms retained	repository-supported-in-part/unresolved/diagram-repair/interpretive-qualification/intentional-retained	resources/naxwe/07-sarfaha-falalka.md; resources/naxwe/ereyfur.md; same-file examples 1 and 6-7	maintainer	applied-awaiting-cleanup-review
2026-08-12	resources/naxwe/11-weerta-adag.md	N11-R008	172-200	indefinite appositive table row contradicted example 6 and oo/ee rule was overbroad	complete table retained as source model; example 6 classified as oo-linked modifiers; example 7 retained; chapter 6 linked	repository-supported/same-file-exact/classification-correction/scope-correction/intentional-retained	resources/naxwe/ereyfur.md; resources/naxwe/06-sarfaha-iskuxireyaasha.md	maintainer	applied-awaiting-cleanup-review
2026-08-12	resources/naxwe/11-weerta-adag.md	N11-R009	202-218	all temporal constructions called relative clauses and all four introducers called nominal heads	section recast as structurally varied dependent constructions; all temporal examples and relations retained	repository-supported/classification-correction/scope-correction/unresolved/intentional-retained	dictionary markii, inta, and ilaa entries; resources/naxwe/10-dhismaha-oraah-magaceedyada.md	maintainer	applied-awaiting-cleanup-review
2026-08-12	resources/naxwe/11-weerta-adag.md	N11-R010	220-228	haddii treated as nominal head and inkastoo silently validated as appositive relative	haddii identified as conditional linker; inkastoo source classification marked unresolved; all examples retained	repository-supported-in-part/classification-correction/unresolved/intentional-retained	dictionary haddii entry; resources/naxwe/17-naxwaha-af-soomaaliga.md; repository-wide inkastoo search	maintainer	applied-awaiting-cleanup-review
2026-08-12	resources/naxwe/11-weerta-adag.md	N11-R011	229-249	ximmayn unsupported; causal structure conflated with head-relative; inuu falsely analyzed as in plus preposition u	xirmayn restored; causal structure distinguished; inuu analyzed as in plus uu; separate main-predicate u retained	repository-supported/morphological-correction/orthographic-correction/classification-correction/scope-correction/intentional-retained	dictionary xirmayn, maxaayeelay, and in entries; resources/naxwe/04-sarfaha-magacuyaallada.md	maintainer	applied-awaiting-cleanup-review
2026-08-12	resources/naxwe/11-weerta-adag.md	N11-R012	whole file	36 examples, two tables, and two diagrams had source gaps, two faulty diagrams, and no navigation	all entries and seven table rows retained; two diagrams rebuilt; seven links added to seven targets	structural-only/repository-supported/intentional-retained	resources/naxwe chapters 04, 06, 07, 09, 10, and 12; resources/naxwe/ereyfur.md	maintainer	applied-awaiting-cleanup-review
2026-08-12	resources/naxwe/12-noocyada-weeraha.md	N12-R001	1-8	broken agreement and illogical same-content universal	purpose contrast recast; agreement repaired; later negative and optative types previewed	repository-supported/grammar-correction/logic-correction/intentional-retained	resources/naxwe/ereyfur.md; same-file later sections	maintainer	applied-awaiting-cleanup-review
2026-08-12	resources/naxwe/12-noocyada-weeraha.md	N12-R002	10-42	focused baa/ayaa OM put after verb; alternate Cali wuxuu aadayaa reading rejected; unique Waxuu	focus order corrected; judgment scoped; Wuxuu restored; all paired examples retained	same-file-exact/repository-supported/logic-correction/judgment-qualification/orthographic-correction/intentional-retained	resources/naxwe/09-weer-fudud.md; dictionary waxaa entry; repository wuxuu usage	maintainer	applied-awaiting-cleanup-review
2026-08-12	resources/naxwe/12-noocyada-weeraha.md	N12-R003	43-47	OM complexity made a necessary condition and unsupported world-language universal	complexity retained as source observation; necessity and typological universal removed	same-file-exact/scope-correction/unsupported-generalization	same-file simple and complex postverbal OMs; repository-wide evidence search	maintainer	applied-awaiting-cleanup-review
2026-08-12	resources/naxwe/12-noocyada-weeraha.md	N12-R004	49-75	yes/no focus distributions stated as exceptionless	every example and reading retained; judgments scoped to analyzed construction	repository-supported-in-part/interpretive-qualification/intentional-retained	resources/naxwe/16-weeraynta-soomaaliga.md; resources/naxwe/ereyfur.md	maintainer	applied-awaiting-cleanup-review
2026-08-12	resources/naxwe/12-noocyada-weeraha.md	N12-R005	77-105	miyaa derivation and nominal-predicate order promoted; Weli undefined	all examples retained; analyses attributed; Weli status documented	repository-supported/interpretive-qualification/unresolved/intentional-retained	dictionary miyaa entry; resources/naxwe/16-weeraynta-soomaaliga.md; chapters 09 and 11; resources/naxwe/ereyfur.md	maintainer	applied-awaiting-cleanup-review
2026-08-12	resources/naxwe/12-noocyada-weeraha.md	N12-R006	107-130	parent -ee heading excluded -maa; goor orders mislabeled; kuma/tuma history unsupported	parent heading repaired; examples 53-58 reannotated; derivations retained as source analyses	same-file-exact/repository-supported-in-part/heading-repair/label-correction/interpretive-qualification/intentional-retained	dictionary maxaa, kuma, tuma, yaa, immisa, and meeqa entries; resources/naxwe/09-weer-fudud.md	maintainer	applied-awaiting-cleanup-review
2026-08-12	resources/naxwe/12-noocyada-weeraha.md	N12-R007	131-150	-ee misclassified and claim of no overt focus contradicted examples 66-67	category corrected to tifaftire weyddiimeed; overt baa and fused baad distinguished; all examples retained	same-file-exact/repository-supported/classification-correction/logic-correction/interpretive-qualification/intentional-retained	resources/naxwe/03-sarfaha-tifaftireyaasha.md; resources/naxwe/ereyfur.md	maintainer	applied-awaiting-cleanup-review
2026-08-12	resources/naxwe/12-noocyada-weeraha.md	N12-R008	151-160	yaa agreement error; price immisa mislabeled as direct object	agreement repaired; immisa classified by price/value function; all interrogative forms retained	repository-supported/grammar-correction/classification-correction/scope-correction/intentional-retained	dictionary yaa, kuma, tuma, immisa, and meeqa entries	maintainer	applied-awaiting-cleanup-review
2026-08-12	resources/naxwe/12-noocyada-weeraha.md	N12-R009	162-170	two head-relative examples used to deny all other indirect-question strategies	halka/goorta strategy and both examples retained; exhaustive and cross-language claims removed	repository-supported/same-file-exact/scope-correction/unsupported-generalization/intentional-retained	resources/naxwe/11-weerta-adag.md; dictionary in entry	maintainer	applied-awaiting-cleanup-review
2026-08-12	resources/naxwe/12-noocyada-weeraha.md	N12-R010	172-190	one-constituent focus theory and bans stated universally	every example and starred form retained; claims scoped to source constructions	repository-supported-in-part/interpretive-qualification/intentional-retained	resources/naxwe/08-hogatuska-baradigmaha-falalka.md; resources/naxwe/09-weer-fudud.md; resources/naxwe/ereyfur.md	maintainer	applied-awaiting-cleanup-review
2026-08-12	resources/naxwe/12-noocyada-weeraha.md	N12-R011	192-212	giraalka typo and universal -in/-o invariant-negative claim	qiraalka restored; summary limited to selected regular forms; all examples retained	repository-supported/orthographic-correction/scope-correction/intentional-retained	resources/naxwe/08-hogatuska-baradigmaha-falalka.md; resources/naxwe/03-sarfaha-tifaftireyaasha.md; resources/naxwe/ereyfur.md	maintainer	applied-awaiting-cleanup-review
2026-08-12	resources/naxwe/12-noocyada-weeraha.md	N12-R012	213-221	nominal-predicate negation presented as one obligatory transformation	ma aha retained as counterpart; waa yahay derivation retained as source analysis	repository-supported-in-part/interpretive-qualification/intentional-retained	resources/naxwe/08-hogatuska-baradigmaha-falalka.md; resources/naxwe/ereyfur.md	maintainer	applied-awaiting-cleanup-review
2026-08-12	resources/naxwe/12-noocyada-weeraha.md	N12-R013	223-236	negative-question -aan-only wording obscured interrogative-plus-negative fusion	fusion clarified; three examples and two rejected double-ma forms retained	repository-supported-in-part/clarity-correction/interpretive-qualification/intentional-retained	dictionary miyaa entry; resources/naxwe/08-hogatuska-baradigmaha-falalka.md	maintainer	applied-awaiting-cleanup-review
2026-08-12	resources/naxwe/12-noocyada-weeraha.md	N12-R014	238-277	four an/ad optative cells differed from maintained aan/aad paradigm	four cells normalized; all seven rows, ha sheegeen, imperatives, and negative optatives retained	repository-supported/orthographic-normalization/interpretive-qualification/intentional-retained	resources/naxwe/07-sarfaha-falalka.md; resources/naxwe/08-hogatuska-baradigmaha-falalka.md; resources/naxwe/ereyfur.md	maintainer	applied-awaiting-cleanup-review
2026-08-12	resources/naxwe/12-noocyada-weeraha.md	N12-R015	whole file	44 numbered tokens on 36 lines and seven-row table had no maintained navigation	all numbered content and table rows retained; eight links added to seven targets	structural-only/repository-supported/intentional-retained	resources/naxwe chapters 03, 07, 08, 09, 11, and 16; resources/naxwe/ereyfur.md	maintainer	applied-awaiting-cleanup-review
2026-08-12	resources/naxwe/00-sources.md	N00S-R001	1-4	English source-registry framing amid Somali content files	shared registry convention retained; purpose reflowed only	repository-supported/structural-only/intentional-retained	sibling resources/*/00-sources.md registries; resources/README.md	maintainer	applied-awaiting-cleanup-review
2026-08-12	resources/naxwe/00-sources.md	N00S-R002	6-12	primary metadata valid but glossary dash ambiguous	both rows retained; title italicized; glossary linked to same 1998 source with no separate byline	repository-supported/metadata-clarification/intentional-retained	resources/README.md; PROJECT_OVERVIEW.md; docs/RESOURCES.md; resources/sarfe/00-sources.md	maintainer	applied-awaiting-cleanup-review
2026-08-12	resources/naxwe/00-sources.md	N00S-R003	13-17	file 13 corporate attribution compact but unlinked	row retained and linked; seven-person title-page list not duplicated	same-file-exact/repository-supported/intentional-retained	original file 13 title page; N13 audit record	maintainer	applied-awaiting-cleanup-review
2026-08-12	resources/naxwe/00-sources.md	N00S-R004	18	file 14 author previously repaired but year unresolved	approved author retained; row linked; unresolved year documented	repository-supported/unresolved/intentional-retained	original file 14 title page; N14-R001; orthography and phonology registries	maintainer	applied-awaiting-cleanup-review
2026-08-12	resources/naxwe/00-sources.md	N00S-R005	19	file 15 author missing and volume identity omitted	Maxamed Xaaji Xuseen Raabi and Mugga Kowaad: Ereyeynta added; year left unresolved	same-file-exact/repository-supported/metadata-repair/unresolved	original file 15 duplicated title page; file 14 and qoraal/phonology author records	maintainer	applied-awaiting-cleanup-review
2026-08-12	resources/naxwe/00-sources.md	N00S-R006	20	file 16 title note known but author and year unrecoverable	title styling and Xilliyada 5aad retained; unresolved fields documented	repository-supported-in-part/unresolved/intentional-retained	original file 16 opening; N16-R001	maintainer	applied-awaiting-cleanup-review
2026-08-12	resources/naxwe/00-sources.md	N00S-R007	21	file 17 title and author known; possible 1974 year non-unique	title and author retained; year left unresolved; corrupted-bibliography candidate rejected	same-file-exact/unresolved/intentional-retained	original file 17 title page; N15-R056-R057; N17-R021	maintainer	applied-awaiting-cleanup-review
2026-08-12	resources/naxwe/00-sources.md	N00S-R008	23-31	stale clean-extraction claim and 0.9-6.3 percent OCR remediation warning	curation and 2026-08-12 audited-cleanup status recorded; scan-verification limit retained	repository-supported/status-correction/scope-correction/structural-only	N13-N17 audit records; RESOURCE_CLEANUP_TRACKER.md	maintainer	applied-awaiting-cleanup-review
2026-08-12	resources/naxwe/00-sources.md	N00S-R009	32-33	correct orthography and phonology boundaries used unlinked paths	both notes retained and linked to source registries	repository-supported/navigation-update/intentional-retained	resources/qoraal/00-sources.md; resources/dhawaaq/00-sources.md	maintainer	applied-awaiting-cleanup-review
2026-08-12	resources/naxwe/00-sources.md	N00S-R010	whole file	seven valid rows lacked navigation and dashes lacked explanation	all rows retained; 19 links added across 16 targets; unresolved-metadata note added	structural-only/repository-supported/unresolved/intentional-retained	resources/naxwe/README.md; all named files; N13-N17 review records	maintainer	applied-awaiting-cleanup-review
2026-08-12	resources/naxwe/README.md	NRD-R001	1-6	full-scope and source-of-truth claims conflated evidence with the normative standard	broad purpose retained; collection identified and linked as descriptive evidence with normative rules in spec	repository-supported/classification-correction/scope-correction/intentional-retained	docs/RESOURCES.md; docs/ARCHITECTURE.md	maintainer	applied-awaiting-cleanup-review
2026-08-12	resources/naxwe/README.md	NRD-R002	8-21	complete file map in a non-navigable code fence	all nine logical entries retained in a linked two-column table	repository-supported/structural-only/navigation-update/intentional-retained	all mapped resources/naxwe targets	maintainer	applied-awaiting-cleanup-review
2026-08-12	resources/naxwe/README.md	NRD-R003	12-18	primary and supplementary roles lacked precedence	00-12 identified as maintained descriptive core; 13-17 as source-specific supplements that do not silently override core or spec	repository-supported/scope-correction/provenance-clarification/intentional-retained	N13-N17 review records; docs/RESOURCES.md	maintainer	applied-awaiting-cleanup-review
2026-08-12	resources/naxwe/README.md	NRD-R004	23-26	all-prose-Somali and first-use English-gloss claims overreached	Somali-first scoped to content; English glosses made optional; systematic mappings directed to glossary	same-file-exact/repository-supported/scope-correction/intentional-retained	README and source registry metadata language; resources/naxwe/ereyfur.md	maintainer	applied-awaiting-cleanup-review
2026-08-12	resources/naxwe/README.md	NRD-R005	27-32	valid content-curation rules were not scoped and lacked uncertainty handling	all exclusions and curation actions retained; scoped to grammar content; uncertain material excluded or source-labeled	repository-supported/scope-correction/intentional-retained	resources/README.md; 00-sources.md; N00-N17 review records	maintainer	applied-awaiting-cleanup-review
2026-08-12	resources/naxwe/README.md	NRD-R006	33-34	asterisk convention lacked judgment scope	asterisk retained; prose now distinguishes canonical construction-specific and attributed judgments	repository-supported/judgment-qualification/intentional-retained	starred examples and approved review records in nine content files	maintainer	applied-awaiting-cleanup-review
2026-08-12	resources/naxwe/README.md	NRD-R007	35-38	primary chapter map omitted or misclassified several topics	three-part map retained and corrected for actual H1 topics across files 00-12	same-file-exact/repository-supported/classification-correction/scope-correction/intentional-retained	resources/naxwe/00-luqadda-iyo-fekerka.md through 12-noocyada-weeraha.md	maintainer	applied-awaiting-cleanup-review
2026-08-12	resources/naxwe/README.md	NRD-R008	39-40	glossary format was exact but every-entry contextual explanation was unverified	three-language three-column no-definition description retained; claim scoped to terms chapters use	repository-supported/scope-correction/navigation-update/intentional-retained	resources/naxwe/ereyfur.md structural validation	maintainer	applied-awaiting-cleanup-review
2026-08-12	resources/naxwe/README.md	NRD-R009	whole file	complete map lacked navigation evidence link and canonicality boundary	all topics retained; local links evidence-layer guidance and canonicality boundary added	structural-only/repository-supported/navigation-update/intentional-retained	all mapped files; docs/RESOURCES.md; resources/naxwe/00-sources.md	maintainer	applied-awaiting-cleanup-review
2026-08-12	resources/naxwe/ereyfur.md	ERF-R001	1-269	data-only glossary lacked inline provenance and evidence-layer scope	TSV kept data-only; source association no-separate-byline limit and descriptive scope added to Markdown companion	repository-supported/provenance-clarification/scope-correction/intentional-retained	resources/naxwe/00-sources.md; resources/naxwe/README.md	maintainer	applied-awaiting-cleanup-review
2026-08-12	resources/naxwe/ereyfur.md	ERF-R002	1-269	valid three-column UTF-8 TSV structure	header 268 records tabs UTF-8 LF uniqueness and no-empty-field structure retained	same-file-exact/structural-only/intentional-retained	whole-file structural validation	maintainer	applied-awaiting-cleanup-review
2026-08-12	resources/naxwe/ereyfur.md	ERF-R003	2-269	complete source inventory includes 100 heads absent from current naxwe chapters	all unlisted terminology and translations retained; no chapter-absence deletions or wholesale modernization	same-file-exact/source-specific/intentional-retained	resources/naxwe content chapters; resources/naxwe/README.md	maintainer	applied-awaiting-cleanup-review
2026-08-12	resources/naxwe/ereyfur.md	ERF-R004	5	af goraal	af qoraal	repository-supported/transcription-correction	resources/qaamuus/22-a.md af qoraal; resources/qaamuus/14-q.md qoraal	maintainer	applied-awaiting-cleanup-review
2026-08-12	resources/naxwe/ereyfur.md	ERF-R004	8	af tiraaheed	af tirabeed	repository-supported/transcription-correction	resources/qaamuus/22-a.md af tirabeed; resources/qaamuus/02-t.md tiraab	maintainer	applied-awaiting-cleanup-review
2026-08-12	resources/naxwe/ereyfur.md	ERF-R004	41	dhalanrag	dhalanrog	repository-supported/transcription-correction	resources/qaamuus/10-dh.md; resources/madax-ereyo/10-dh.md	maintainer	applied-awaiting-cleanup-review
2026-08-12	resources/naxwe/ereyfur.md	ERF-R004	42	dharamaad	dhammaad	repository-supported/transcription-correction	resources/qaamuus/10-dh.md; resources/madax-ereyo/10-dh.md	maintainer	applied-awaiting-cleanup-review
2026-08-12	resources/naxwe/ereyfur.md	ERF-R004	110	hogatuus	hogatus	repository-supported/transcription-correction	resources/qaamuus/20-h.md; resources/madax-ereyo/20-h.md; resources/naxwe/08-hogatuska-baradigmaha-falalka.md	maintainer	applied-awaiting-cleanup-review
2026-08-12	resources/naxwe/ereyfur.md	ERF-R005	136	verb predicate	verbal predicate	repository-supported/same-file-internal/translation-correction	Italian predicato verbale; glossary verbal focalization and verbal phrase mappings	maintainer	applied-awaiting-cleanup-review
2026-08-12	resources/naxwe/ereyfur.md	ERF-R005	143	significant	signifier	repository-supported/same-file-internal/translation-correction/false-friend-correction	resources/qaamuus/16-l.md lafdi; resources/qaamuus/22-a.md astaan; Italian significante	maintainer	applied-awaiting-cleanup-review
2026-08-12	resources/naxwe/ereyfur.md	ERF-R005	158	rhythm	melody	repository-supported/same-file-internal/translation-correction	resources/qaamuus/16-l.md luuq; Italian melodia	maintainer	applied-awaiting-cleanup-review
2026-08-12	resources/naxwe/ereyfur.md	ERF-R005	213	backward vowel	back vowel	same-file-internal/translation-correction	Italian vocale arretrata; established phonological direction terminology	maintainer	applied-awaiting-cleanup-review
2026-08-12	resources/naxwe/ereyfur.md	ERF-R005	214	forward vowel	front vowel	same-file-internal/translation-correction	Italian vocale avanzata; resources/dhawaaq front-vowel terminology	maintainer	applied-awaiting-cleanup-review
2026-08-12	resources/naxwe/ereyfur.md	ERF-R005	229	speaker	sender	repository-supported/same-file-internal/translation-correction	resources/qaamuus/02-t.md tebi; Italian emittente; glossary hadle speaker row	maintainer	applied-awaiting-cleanup-review
2026-08-12	resources/naxwe/ereyfur.md	ERF-R006	4/156;80/268;105/229;245/258	four repeated English concept pairs	distinct Somali alias/source-tradition rows retained; tebiye target disambiguated only under ERF-R005	repository-supported/source-specific/intentional-retained	dictionary definitions; core and supplementary naxwe usage	maintainer	applied-awaiting-cleanup-review
2026-08-12	resources/naxwe/ereyfur.md	ERF-R007	12;69;92;118;152;157-159;188;211;243	meaningful punctuation unresolved parentheticals and approximate source order	all forms and row order retained; no global sorting or reconstruction	same-file-exact/unresolved/intentional-retained	whole-file punctuation and collation validation	maintainer	applied-awaiting-cleanup-review
2026-08-12	resources/naxwe/ereyfur.md	ERF-R008	81;93;112-113;138;142;195;211;235-236;261	varying number slash and English citation style	all stylistic variants retained without inferred house-style normalization	source-specific/unresolved/intentional-retained	same-file trilingual citation patterns	maintainer	applied-awaiting-cleanup-review
2026-08-12	resources/naxwe/ereyfur.md	ERF-R009	requested output	machine-readable TSV lacked human-readable companion	created ereyfur.md with source scope note and exact synchronized 268-row table	maintainer-requested/format-companion/structural-only/navigation-update	resources/naxwe/ereyfur.md; docs/ARCHITECTURE.md	maintainer	applied-awaiting-cleanup-review
2026-08-12	resources/naxwe/ereyfur.md	ERF-R010	collection maps	four maps exposed only the TSV	all four maps now link TSV and Markdown as two formats of one glossary	repository-supported/maintainer-requested/navigation-update/structural-only	resources/naxwe/README.md; resources/naxwe/00-sources.md; resources/README.md; docs/RESOURCES.md	maintainer	applied-awaiting-cleanup-review
2026-08-12	resources/naxwe/ereyfur.md	ERF-A001	whole resource	approved trilingual TSV plus synchronized Markdown companion	single Somali-English Markdown grammar-terminology reference; TSV removed and Italian omitted from active presentation	maintainer-requested/scope-amendment/format-consolidation	maintainer discussion after initial cleanup; original TSV baseline and audit record	maintainer	applied-awaiting-cleanup-review
2026-08-12	resources/naxwe/ereyfur.md	ERF-A002	introduction	compact provenance note without explanation of grammar-terminology role	Somali introduction now explains naxwe subject ereybixin content type benefits coverage source and non-normative limit	maintainer-requested/scope-clarification/structural-only	maintainer request for explanation of how the file is grammar and terminology	maintainer	applied-awaiting-cleanup-review
2026-08-12	resources/naxwe/ereyfur.md	ERF-A003	268 data rows	Somali-English-Italian table	all 268 cleaned Somali-English pairs preserved in source order; Italian column excluded from active view	maintainer-requested/scope-amendment/intentional-retained	original audited TSV; exact pair-preservation comparison against Git baseline	maintainer	applied-awaiting-cleanup-review
2026-08-12	resources/naxwe/ereyfur.md	ERF-A004	collection links	live maps and eight grammar files linked the removed TSV or two-format pair	all live links and tracker path now target the single ereyfur.md resource	maintainer-requested/navigation-update/structural-only	resources/naxwe files 08-12 14 16 17; collection and repository maps	maintainer	applied-awaiting-cleanup-review
2026-08-12	resources/naxwe/00-sources.md; resources/sarfe/00-sources.md	PDF-NAX-R001	primary source year	1998	1999	source-exact/metadata-correction	Barashada Naxwaha Af Soomaaliga PDF page 4: First published 1999; preface date on page 6 is December 1998	maintainer	applied-awaiting-cleanup-review
2026-08-12	resources/sarfe/01-magacyada.md; resources/sarfe/README.md; docs/RESOURCES.md	PDF-NAX-R001	active source references	Puglielli and Mansuur 1998 / 1998 HAAN grammar	Puglielli and Mansuur 1999 / 1999 HAAN grammar	source-exact/metadata-correction	Barashada Naxwaha Af Soomaaliga PDF pages 3-4	maintainer	applied-awaiting-cleanup-review
2026-08-12	resources/naxwe/ereyfur.md	PDF-NAX-R002	268 glossary rows	two-column Somali-English equivalence list without definitions	three-column list retaining all 268 concepts and adding concise Somali explanations	source-backed/editorial-condensation/maintainer-requested	Barashada Naxwaha Af Soomaaliga PDF pages 293-318 MICNAHA EREYGA column	maintainer	applied-awaiting-cleanup-review
2026-08-12	resources/naxwe/ereyfur.md	PDF-NAX-R003	first glossary rows	aan tirsanayn; opening rows out of source sequence	aan tirsamin; source-aligned opening sequence	source-exact/repository-supported/ordering-correction	PDF page 293; resources/naxwe/02-sarfaha-magacyada.md; resources/naxwe/05-sarfaha-tirada.md; resources/qaamuus/17-m.md	maintainer	applied-awaiting-cleanup-review
2026-08-12	resources/naxwe/07-sarfaha-falalka.md	PDF-NAX-R006	material after section 7.3.2.2	six lifaaq descriptions without the source subsection heading	7.3.2.3 Lifaaqyo kale restored	structural-only/source-exact	Barashada Naxwaha Af Soomaaliga PDF page 12 contents; existing file 07 suffix list	maintainer	applied-awaiting-cleanup-review
2026-08-12	resources/naxwe/09-weer-fudud.md	PDF-NAX-R005	sections 9.1-9.2	9.1.3 and 9.2.2 boundaries flattened; false note that 9.2.2 was absent	9.1.3 9.2.2 9.2.2.1 and 9.2.3.1 restored with source-backed information-structure summary and examples	structural-only/source-backed/content-recovery	Barashada Naxwaha Af Soomaaliga PDF pages 13 183-184 192-193	maintainer	applied-awaiting-cleanup-review
2026-08-12	resources/naxwe/README.md; resources/naxwe/00-sources.md; docs/RESOURCES.md; resources/README.md	NSRC-R001	core source framing	single-source framing centered on Barashada Naxwaha Af Soomaaliga	principal source basis now identifies Aasaaska Naxwaha Af Soomaaliga (1973) and Barashada Naxwaha Af Soomaaliga (1999), with SLS editorial synthesis explicitly distinguished from source wording	source-model/provenance-clarification/maintainer-requested	local scanned grammar books; active collection and repository README review	maintainer	applied-awaiting-cleanup-review
2026-08-13	resources/suugaan/04-sheekooyin-soomaaliyeed.md	SUU04-R001	1-24	OCR-damaged Arar with split words, substituted letters, and scan debris	source-verified four-paragraph Arar with printed wording and order retained	source-exact/structural-only	Sheekooyin Soomaaliyeed (1973) Roma Tre ArcAdiA PDF page 3	maintainer	applied-awaiting-cleanup-review
2026-08-13	resources/suugaan/04-sheekooyin-soomaaliyeed.md	SUU04-R002	25-106	stories 1-3 with damaged headings, page wraps, symbols, and collapsed dialogue	source-verified story 1-3 headings and paragraphs; story 3 dialogue restored	source-exact/structural-only	Sheekooyin Soomaaliyeed (1973) Roma Tre ArcAdiA PDF pages 4-7	maintainer	applied-awaiting-cleanup-review
2026-08-13	resources/suugaan/04-sheekooyin-soomaaliyeed.md	SUU04-R003	107-195	stories 4-5 with scan and page fragments, damaged headings, collapsed paragraphs, and a damaged moral	source-verified story 4-5 headings and paragraphs; story 4 Tusaale and story 5 retained	source-exact/structural-only	Sheekooyin Soomaaliyeed (1973) Roma Tre ArcAdiA PDF pages 7-10	maintainer	applied-awaiting-cleanup-review
2026-08-13	resources/suugaan/04-sheekooyin-soomaaliyeed.md	SUU04-R004	196-298	stories 6-7 with pervasive OCR substitutions, line-leading debris, interleaved page fragments, and broken dialogue	source-verified story 6-7 headings and paragraphs; complete dialogue and conclusions retained	source-exact/structural-only	Sheekooyin Soomaaliyeed (1973) Roma Tre ArcAdiA PDF pages 10-13	maintainer	applied-awaiting-cleanup-review
2026-08-13	resources/suugaan/04-sheekooyin-soomaaliyeed.md	SUU04-R005	299-404	stories 8-9 with damaged headings, interleaved columns, lost paragraph order, and scan debris	source-verified story 8-9 headings and paragraphs; both conclusions and all hospitality episodes retained	source-exact/structural-only	Sheekooyin Soomaaliyeed (1973) Roma Tre ArcAdiA PDF pages 13-16	maintainer	applied-awaiting-cleanup-review
2026-08-13	resources/suugaan/04-sheekooyin-soomaaliyeed.md	SUU04-R006	405-650	story 10 with title corruption, multiple page-column collisions, broken dialogue, false marginal prefixes, and a damaged repeated refrain	source-verified complete story 10 with five printed parts, names, dialogue, transformations, violent plot events, and final refrain retained	source-exact/structural-only	Sheekooyin Soomaaliyeed (1973) Roma Tre ArcAdiA PDF pages 16-24	maintainer	applied-awaiting-cleanup-review
2026-08-13	resources/suugaan/04-sheekooyin-soomaaliyeed.md	SUU04-R007	651-684	story 11 with a damaged number and title plus verse-line contamination between MIDIG and BIDIX	source-verified story 11 introduction, speaker division, all 25 geeraar lines, and prose explanation retained	source-exact/structural-only	Sheekooyin Soomaaliyeed (1973) Roma Tre ArcAdiA PDF pages 24-25	maintainer	applied-awaiting-cleanup-review
2026-08-13	resources/suugaan/04-sheekooyin-soomaaliyeed.md	SUU04-R008	685-798	stories 12-14 with damaged headings, false prefixes, missing paragraph order, and column collisions around story 14's identity names	source-verified story 12-14 headings and paragraphs; Cigaal Shiidaad, Kooradadab, Dambas Jiif, and the final identity declaration retained	source-exact/structural-only	Sheekooyin Soomaaliyeed (1973) Roma Tre ArcAdiA PDF pages 25-28	maintainer	applied-awaiting-cleanup-review
2026-08-13	resources/suugaan/04-sheekooyin-soomaaliyeed.md	SUU04-R009	799-959	stories 15-16 with interleaved page material, damaged headings, false prefixes, and extensive corruption in story 16's evidentiary dialogue and inheritance judgment	source-verified story 15-16 headings and paragraphs; both brothers' actions plus story 16's deductions, private tests, and final judgment retained	source-exact/structural-only	Sheekooyin Soomaaliyeed (1973) Roma Tre ArcAdiA PDF pages 29-32	maintainer	applied-awaiting-cleanup-review
2026-08-13	resources/suugaan/04-sheekooyin-soomaaliyeed.md	SUU04-R010	960-1043	stories 17-19 with damaged headings, dense column interleaving, digit substitutions, broken coded messages, and a compressed battle sequence	source-verified story 17-19 headings and paragraphs; both coded messages, quantities, deductions, three-rati instructions, and story 19 battle ending retained	source-exact/structural-only	Sheekooyin Soomaaliyeed (1973) Roma Tre ArcAdiA PDF pages 33-36	maintainer	applied-awaiting-cleanup-review
2026-08-13	resources/suugaan/04-sheekooyin-soomaaliyeed.md	SUU04-R011	1044-1101	stories 20-21 with damaged headings, substituted words, column fragments, and a contaminated three-line masafo	source-verified story 20-21 headings and paragraphs; animal-trait terms, full masafo, judgment, and final exchange retained	source-exact/structural-only	Sheekooyin Soomaaliyeed (1973) Roma Tre ArcAdiA PDF pages 36-37	maintainer	applied-awaiting-cleanup-review
2026-08-13	resources/suugaan/04-sheekooyin-soomaaliyeed.md	SUU04-R012	1102-1155	story 22 without a surviving heading and with pervasive column and illustration contamination	source-verified Nin Indhoole ah heading and complete two-generation abandonment narrative with closing moral retained	source-exact/structural-only	Sheekooyin Soomaaliyeed (1973) Roma Tre ArcAdiA PDF pages 38-39	maintainer	applied-awaiting-cleanup-review
2026-08-13	resources/suugaan/04-sheekooyin-soomaaliyeed.md	SUU04-R013	1156-1200	story 23 with corrupted title, false prefixes, broken words, and page debris	source-verified Nin Fuley ah heading and complete fear dialogue, return, and conclusion retained	source-exact/structural-only	Sheekooyin Soomaaliyeed (1973) Roma Tre ArcAdiA PDF pages 39-40	maintainer	applied-awaiting-cleanup-review
2026-08-13	resources/suugaan/04-sheekooyin-soomaaliyeed.md	SUU04-R014	1201-1326	stories 24-25 with corrupted headings, broken dialogue, damaged list items, symbols, and paragraph-order collisions	source-verified story 24-25 headings and paragraphs; five animal speeches and both caadadeyda exchanges retained	source-exact/structural-only	Sheekooyin Soomaaliyeed (1973) Roma Tre ArcAdiA PDF pages 40-44	maintainer	applied-awaiting-cleanup-review
2026-08-13	resources/suugaan/04-sheekooyin-soomaaliyeed.md	SUU04-R015	1327-1393	stories 26-27 with damaged headings, broken names and place names, false prefixes, and corrupt final wordplay	source-verified story 26-27 headings and paragraphs; place names, garnaq judgment, quantities, five-part wordplay, and collection ending retained	source-exact/structural-only	Sheekooyin Soomaaliyeed (1973) Roma Tre ArcAdiA PDF pages 44-46	maintainer	applied-awaiting-cleanup-review
2026-08-13	resources/suugaan/05-sheekooyin-laysku-soo-ururshay.md	SUU05-R001	1-1313	flattened three-booklet collection with only four Markdown headings and source year recorded as 1978	one H1, three booklet H2s, five narrative H3s, and source year corrected to scan-confirmed 1979	source-exact/structural-only	Sheekooyin laysku soo ururshay (1979) cover and internal title pages	maintainer	applied-awaiting-cleanup-review
2026-08-13	resources/suugaan/05-sheekooyin-laysku-soo-ururshay.md	SUU05-R002	3-362	Dhuruq iyo Dayo interleaved across facing pages with drawings, page furniture, broken words, and the next booklet title merged into its ending	source-verified complete 30-page narrative in printed-page order with all dialogue, repeated deceptions, and ending retained	source-exact/structural-only	Sheekooyin laysku soo ururshay (1979) PDF pages 2-18 / printed pages 1-30	maintainer	applied-awaiting-cleanup-review
2026-08-13	resources/suugaan/05-sheekooyin-laysku-soo-ururshay.md	SUU05-R003	364-548	Inantii Eeyadda Ahayd without a Markdown boundary and with title matter, facing-page prose, names, and clauses interleaved or corrupted	source-verified complete eight-page narrative with Xaabeeya, Shankaroon, both princes, Guhaad, transformation, and ending retained	source-exact/structural-only	Sheekooyin laysku soo ururshay (1979) PDF pages 18-23 / booklet printed pages 1-8	maintainer	applied-awaiting-cleanup-review
2026-08-13	resources/suugaan/05-sheekooyin-laysku-soo-ururshay.md	SUU05-R004	549-827	Cali Caddaalad prose, dialogue, song, facing pages, and page furniture repeatedly collided	source-verified complete printed pages 9-19 with all three song stanzas and refrain, suicide and execution attempts, palace episode, religious dialogue, and ending retained	source-exact/structural-only	Sheekooyin laysku soo ururshay (1979) PDF pages 23-28 / booklet printed pages 9-19	maintainer	applied-awaiting-cleanup-review
2026-08-13	resources/suugaan/05-sheekooyin-laysku-soo-ururshay.md	SUU05-R005	828-974	Dakhtar Samatar interleaved across spreads with damaged commands, medical deception, quotation order, and following-title debris	source-verified complete printed pages 20-26 with domestic-violence premise, rescue, forced practice, fire test, confession, reconciliation, and ending retained	source-exact/structural-only	Sheekooyin laysku soo ururshay (1979) PDF pages 29-32 / booklet printed pages 20-26	maintainer	applied-awaiting-cleanup-review
2026-08-13	resources/suugaan/05-sheekooyin-laysku-soo-ururshay.md	SUU05-R006	975-1313	Faadumo Yar iyo Cumar Lug-Yare merged across illustrated spreads with drawing debris, broken dialogue, action order, and final refrain	source-verified complete narrative in printed-page order with sibling opening, waraabe episodes, Faadumo's stratagem, Cumar's three-line final refrain, death, and closing marriage retained	source-exact/structural-only	Sheekooyin laysku soo ururshay (1979) PDF pages 32-45 / printed pages 1-25	maintainer	applied-awaiting-cleanup-review
2026-08-13	resources/suugaan/06-sheekooyin-fogaan-iyo-dhowaan.md	SUU06-R001	1-1608	flattened collection hierarchy, undated metadata, and historical orthography vulnerable to modernization	one H1, Arar H2, 21 source-ordered story H2s; c. 1967 labeled secondary; pre-1972 orthography retained	source-exact/structural-only	Sheekooyin fogaan iyo dhowaan ba leh PDF cover, contents, and secondary bibliography	maintainer	applied-awaiting-cleanup-review
2026-08-13	resources/suugaan/06-sheekooyin-fogaan-iyo-dhowaan.md	SUU06-R002	3-25	Arar with split words, substitutions, punctuation debris, and printed line wrapping	source-guided Arar paragraphs and author attribution restored without replacing the author's claims	source-exact/structural-only	Sheekooyin fogaan iyo dhowaan ba leh PDF page 3	maintainer	applied-awaiting-cleanup-review
2026-08-13	resources/suugaan/06-sheekooyin-fogaan-iyo-dhowaan.md	SUU06-R003	27-290	stories 1-4 with damaged or absent headings; story 4 reduced to unreadable pseudo-text	four headings restored and story 4 reconstructed from its legible printed page; narration, dialogue, and ending retained	source-exact/structural-only	Sheekooyin fogaan iyo dhowaan ba leh PDF pages 5-12 / printed pages 1-8	maintainer	applied-awaiting-cleanup-review
2026-08-13	resources/suugaan/06-sheekooyin-fogaan-iyo-dhowaan.md	SUU06-R004	291-609	stories 5-7 with damaged titles, page markers, digit substitutions, symbols, and broken dialogue or verse	three source headings restored; page and OCR debris repaired while historical wording and complete narratives retained	source-exact/structural-only	Sheekooyin fogaan iyo dhowaan ba leh PDF pages 13-21 / printed pages 9-17	maintainer	applied-awaiting-cleanup-review
2026-08-13	resources/suugaan/06-sheekooyin-fogaan-iyo-dhowaan.md	SUU06-R005	610-954	stories 8-13 with six damaged boundaries, fused page numbers, symbols, and OCR substitutions	six source headings restored; page furniture and mechanical OCR debris repaired with proverbs, exchanges, and endings retained	source-exact/structural-only	Sheekooyin fogaan iyo dhowaan ba leh PDF pages 22-31 / printed pages 18-27	maintainer	applied-awaiting-cleanup-review
2026-08-13	resources/suugaan/06-sheekooyin-fogaan-iyo-dhowaan.md	SUU06-R006	955-1251	Kabcalaf iyo Huuryo Ugaas title changed to Muuryo and eight-page body contaminated by OCR and page debris	source Huuryo title restored; narrative retained in full with source-proven mechanical corrections and historical spelling preserved	source-exact/structural-only	Sheekooyin fogaan iyo dhowaan ba leh PDF pages 32-39 / printed pages 28-35	maintainer	applied-awaiting-cleanup-review
2026-08-13	resources/suugaan/06-sheekooyin-fogaan-iyo-dhowaan.md	SUU06-R007	1252-1608	stories 15-21 and Maahmaaho lacked headings and contained dense OCR and page-transition debris	seven story headings and Maahmaaho restored; short narratives, proverbs, dialogue, names, humour, and endings retained	source-exact/structural-only	Sheekooyin fogaan iyo dhowaan ba leh PDF pages 40-49 / printed pages 36-45	maintainer	applied-awaiting-cleanup-review
2026-08-13	resources/suugaan/06-sheekooyin-fogaan-iyo-dhowaan.md	SUU06-R008	source pages 46-47	Raadguro bibliography outside the 21-story contents inventory	documented as source provenance and excluded from the reader-facing literary body	structural-only	Sheekooyin fogaan iyo dhowaan ba leh PDF pages 50-51 / printed pages 46-47	maintainer	applied-awaiting-cleanup-review
2026-08-14	resources/suugaan/07-hal-ka-haleel.md	SUU07-R001	1-6413	flattened 304-page two-part book with only four Markdown headings and facing-page OCR interleaving throughout	three H2 divisions, 26 H3 units, 22 H4 stanza/commentary divisions, and printed-page order restored; source-supported 2004 metadata retained	source-exact/structural-only	Hal Ka Haleel PDF cover, title page, contents, and printed pages 5-304	maintainer	applied-awaiting-cleanup-review
2026-08-14	resources/suugaan/07-hal-ka-haleel.md	SUU07-R002	3-122	dedication, preface, and acknowledgements crossed with facing pages and running furniture	source-ordered Hibeyn, Hor-dhac, and Mahadnaq retained in full with names, scope, method, and acknowledgements	source-exact/structural-only	Hal Ka Haleel PDF printed pages 5-10	maintainer	applied-awaiting-cleanup-review
2026-08-14	resources/suugaan/07-hal-ka-haleel.md	SUU07-R003	96-764	early biography, name origin, creative beginnings, and imprisonment flattened and interleaved	four source units restored with biography, testimony, dates, quotations, verse, and imprisonment narrative retained	source-exact/structural-only	Hal Ka Haleel PDF printed pages 11-40	maintainer	applied-awaiting-cleanup-review
2026-08-14	resources/suugaan/07-hal-ka-haleel.md	SUU07-R004	765-1474	1970s poetry survey and critical discussion crossed with quoted verse from facing pages	two source units reconstructed in printed order with prose analysis, poem labels, dates, and verse selections retained	source-exact/structural-only	Hal Ka Haleel PDF printed pages 41-74	maintainer	applied-awaiting-cleanup-review
2026-08-14	resources/suugaan/07-hal-ka-haleel.md	SUU07-R005	1475-2019	early-1980s survey flattened across page spreads with commentary and verse mixed	Tis-qaadka section restored with Deelley discussion, titles, dates, historical context, commentary, and verse retained	source-exact/structural-only	Hal Ka Haleel PDF printed pages 75-100	maintainer	applied-awaiting-cleanup-review
2026-08-14	resources/suugaan/07-hal-ka-haleel.md	SUU07-R006	2020-3479	later-1980s analysis, personality study, and early-1990s portrait lacked reliable boundaries and page order	three source units rebuilt with full criticism, quotation sequence, transitions, and portrait boundary retained	source-exact/structural-only	Hal Ka Haleel PDF printed pages 101-168	maintainer	applied-awaiting-cleanup-review
2026-08-14	resources/suugaan/07-hal-ka-haleel.md	SUU07-R007	3480-4264	second-part introduction and Daba-Huwan interleaved across more than thirty printed pages	Qaybta Labaad, its introduction, and complete Daba-Huwan study reconstructed in printed order	source-exact/structural-only	Hal Ka Haleel PDF printed pages 169-203	maintainer	applied-awaiting-cleanup-review
2026-08-14	resources/suugaan/07-hal-ka-haleel.md	SUU07-R008	4265-4747	Badbaado and Hal iyo Halkiis lacked boundaries and mixed commentary, refrains, and verse	both H3 units restored; full studies retained; eleven verse and eleven explanatory divisions in Hal iyo Halkiis exposed as H4	source-exact/structural-only	Hal Ka Haleel PDF printed pages 204-225	maintainer	applied-awaiting-cleanup-review
2026-08-14	resources/suugaan/07-hal-ka-haleel.md	SUU07-R009	4748-5752	Suubban, Af-ku-Siran, and Adduunyadu waa Besteed flattened across facing pages	three source titles and complete prose/verse studies restored in printed-page order	source-exact/structural-only	Hal Ka Haleel PDF printed pages 226-272	maintainer	applied-awaiting-cleanup-review
2026-08-14	resources/suugaan/07-hal-ka-haleel.md	SUU07-R010	5753-6190	Rag Siyaasi wada Noqoy and Anuun baa Hooyadaa ah interleaved with their prose discussions	two source units reconstructed with fatherhood/motherhood discussions, dates, and full verse order retained	source-exact/structural-only	Hal Ka Haleel PDF printed pages 273-289	maintainer	applied-awaiting-cleanup-review
2026-08-14	resources/suugaan/07-hal-ka-haleel.md	SUU07-R011	6191-6413	references, selected extracts, author biography, and photo captions merged or obscured by scan noise	four end-matter units restored; reference list, extracts and attributions, author biography, and seven meaningful photo captions retained	source-exact/structural-only	Hal Ka Haleel PDF printed pages 290-304	maintainer	applied-awaiting-cleanup-review
2026-08-14	resources/suugaan/08-qiso-kalgacal.md	SUU08-R001	1-3592	continuous 86-page novella flattened with source year recorded as 1983	one H1 and source division I retained; first-edition year corrected to 1985 while 1983 composition evidence was preserved	source-exact/metadata-correction/structural-only	Qiso Kalgacal PDF publication page and printed pages 1-86	maintainer	applied-awaiting-cleanup-review
2026-08-14	resources/suugaan/08-qiso-kalgacal.md	SUU08-R002	omitted front matter	Mahadnaq fiction disclaimer and attributed epigraph absent	complete acknowledgement disclaimer and C.D. Soraan epigraph restored ahead of division I	source-exact/content-recovery/structural-only	Qiso Kalgacal PDF pages 4-5	maintainer	applied-awaiting-cleanup-review
2026-08-14	resources/suugaan/08-qiso-kalgacal.md	SUU08-R003-R008	3-3592	complete narrative retained but pervasively damaged by names digits symbols wrap marks page numbers and corrupted letters	source-guided complete narrative with recurring Mahad and Maryan forms dates page joins dialogue letters and closing lists repaired without abridging the plot	source-exact/transcription-correction/structural-only	Qiso Kalgacal PDF printed pages 1-86 and fresh single-page OCR comparison	maintainer	applied-awaiting-cleanup-review
2026-08-14	resources/suugaan/08-qiso-kalgacal.md	SUU08-R003-R008	printed pages 20 41 63 84	four uncaptioned illustrations emitted symbol-only OCR blocks	illustration OCR debris removed; no invented captions added	structural-only/intentional-omission	Qiso Kalgacal PDF printed pages 20 41 63 84	maintainer	applied-awaiting-cleanup-review
2026-08-14	resources/suugaan/08-qiso-kalgacal.md	SUU08-R008	closing pages	Maryan's letter two three-item lists closing counsel and Dhammaad were structurally damaged; author postscript was omitted	scan-verified letter lists signature counsel Dhammaad and June-July 1983 author postscript restored and formatted	source-exact/content-recovery/structural-only	Qiso Kalgacal PDF printed pages 85-86	maintainer	applied-awaiting-cleanup-review
2026-08-14	resources/suugaan/08-qiso-kalgacal.md	SUU08-R009	PDF pages 92-93	other-book advertisement and repeated back-cover matter outside the novella	documented in audit and excluded from reader-facing literary resource	structural-only/intentional-omission	Qiso Kalgacal PDF pages 92-93	maintainer	applied-awaiting-cleanup-review
2026-08-14	resources/suugaan/09-rooxaan.md	SUU09-R001	1-7	opening epigraph had one OCR substitution and collapsed Markdown verse lines	scan-proven Sara Kacaantaaye restored and four-line Qamaan Bulxan verse formatted	source-exact/structural-only	Rooxaan PDF page 3	maintainer	applied-awaiting-cleanup-review
2026-08-14	resources/suugaan/09-rooxaan.md	SUU09-R002-R007	9-67	complete story retained but flattened with OCR substitutions damaged dialogue and ambiguous historical forms	source-guided complete story with page-proven substitutions and paragraph or speaker boundaries repaired while printed historical forms and all content were retained	source-exact/transcription-correction/structural-only	Rooxaan PDF printed pages 3-15	maintainer	applied-awaiting-cleanup-review
2026-08-14	resources/suugaan/09-rooxaan.md	SUU09-R008	PDF pages 17-18	printer colophon back cover and price outside the story	documented in audit and excluded from reader-facing literary resource	structural-only/intentional-omission	Rooxaan PDF pages 17-18	maintainer	applied-awaiting-cleanup-review
2026-08-14	resources/suugaan/10-dhaartii-dhabta-ahayd.md	SUU10-R001-R002	1-160	false Arar boundary missing source hierarchy and OCR-damaged opening speech	cover-supported 1986 metadata added false heading removed and opening note plus presidential speech restored from the scan	source-exact/metadata-correction/structural-only	Dhaartii Dhabta Ahayd PDF cover contents and printed pages 1-5	maintainer	applied-awaiting-cleanup-review
2026-08-14	resources/suugaan/10-dhaartii-dhabta-ahayd.md	SUU10-R003-R009	161-1058	documentary statement preface military-history chapters lists and captions flattened or obscured by OCR	statement true Arar reader note Part One chapters source body numbering lists and meaningful monument captions restored while political and historical claims were retained as authored	source-exact/transcription-correction/structural-only	Dhaartii Dhabta Ahayd PDF printed pages 7-37	maintainer	applied-awaiting-cleanup-review
2026-08-14	resources/suugaan/10-dhaartii-dhabta-ahayd.md	SUU10-R010-R011	1059-2663	Part Two performance songs gabay geeraar murti speakers and verse lineation lacked reliable boundaries	Part Two performance title six song divisions gabay and explicit geeraar or murti speaker divisions restored with complete verse sequence and attributions retained	source-exact/transcription-correction/structural-only	Dhaartii Dhabta Ahayd PDF printed pages 38-81	maintainer	applied-awaiting-cleanup-review
2026-08-14	resources/suugaan/10-dhaartii-dhabta-ahayd.md	SUU10-R012	2664-2690	closing authorship request and writing reflection damaged and unstructured	complete closing prose and author signature restored without adding an absent Dhammaad	source-exact/transcription-correction/structural-only	Dhaartii Dhabta Ahayd PDF printed page 81	maintainer	applied-awaiting-cleanup-review
2026-08-14	resources/suugaan/10-dhaartii-dhabta-ahayd.md	SUU10-R004-R009	PDF pages 3 9 11 15 18-19 25 34 37 40	portrait and monument pages emitted large fields of symbol-only image OCR	meaningful printed captions retained at their source positions and uninterpretable image pixels page numbers and scanner debris removed	structural-only/intentional-omission	Dhaartii Dhabta Ahayd PDF captioned image pages	maintainer	applied-awaiting-cleanup-review
2026-08-14	resources/suugaan/11-hubsiimo-laan.md	SUU11-R001	registry and PDF publication page	registry year 1968 conflicts with both cropped date fields beginning 198	unsupported year removed and represented as unresolved em dash without guessing the last digit	source-exact/metadata-correction	Hubsiimo La'aan PDF publication page and source registry	maintainer	applied-awaiting-cleanup-review
2026-08-14	resources/suugaan/11-hubsiimo-laan.md	SUU11-R002-R012	1-2048	102-page novella read across facing-page spreads with missing or corrupted part boundaries and pervasive page-order damage	printed pages split and restored in order with dedication Hordhac author attribution ten source part headings complete plot and Hammar ending retained	source-exact/transcription-correction/structural-only	Hubsiimo La'aan PDF printed pages 1-102 and separately cropped page OCR	maintainer	applied-awaiting-cleanup-review
2026-08-14	resources/suugaan/11-hubsiimo-laan.md	SUU11-R003	front matter and printed pages 1-3	dedication and Hordhac interleaved with the opening hospital frame	front matter restored before Qaybta Koowaad and opening hospital chronology returned to printed-page order	source-exact/content-recovery/structural-only	Hubsiimo La'aan PDF front matter and printed pages 1-3	maintainer	applied-awaiting-cleanup-review
2026-08-14	resources/suugaan/11-hubsiimo-laan.md	SUU11-R013	PDF pages 55-57	other-book advertisements artwork noise and back-cover duplicate appended after story page 102	non-narrative advertisements scan noise and duplicate cover extract excluded from reader-facing story	structural-only/intentional-omission	Hubsiimo La'aan PDF pages 55-57	maintainer	applied-awaiting-cleanup-review
2026-08-19	resources/qoraal/02-eray-kooban-hadalka.md	O02-R001	5	laga ma naarmaan; no back-link to file 01	lagama maarmaan; links to 01-hadal-iyo-qoraal.md and naxwe/14 §4.2	repository-supported/form-correction/navigation-update	O01-R002; cleaned resources/qoraal/01-hadal-iyo-qoraal.md; cleaned resources/naxwe/14-naxwaha-cusub.md §4.2	maintainer	applied-awaiting-cleanup-review
2026-08-19	resources/qoraal/02-eray-kooban-hadalka.md	O02-R002	7-42	Ereyyada headings; identity row baa ay | baa ay	Ereyada headings; identity row removed	repository-supported/structural-only	same-file H1 Ereyada; cleaned naxwe/14 §4.2 omits the identity row	maintainer	applied-awaiting-cleanup-review
2026-08-19	resources/qoraal/02-eray-kooban-hadalka.md	O02-R006,O02-R008	121-122;177-178	Geed ayaa aynu beeraynaa twice; Geedka ayaa aynu beeraynaa twice	second fidsanaan lines restored as Geed ayaa aannu beeraynaa and Geedka ayaa aannu beeraynaa	repository-supported/paradigm-correction	same-file koobnaan Geedaannu/Geedkaannu and section 1 fidsanaan Geed aannu then Geed aynu	maintainer	applied-awaiting-cleanup-review
2026-08-19	resources/qoraal/02-eray-kooban-hadalka.md	O02-R010,O02-R011	214-274	sections 6-8 and gabagabo unlinked from later splitting files	joined-cluster note plus links to 04; gabagabo links to 03 and 04	repository-supported/scope-correction/navigation-update	resources/qoraal/03-kala-qoridda-adag.md; resources/qoraal/04-kala-qoridda-lama-qasban.md	maintainer	applied-awaiting-cleanup-review
2026-08-19	resources/qoraal/03-kala-qoridda-adag.md	O03-R001,O03-R002,O03-R007,O03-R009	1-5;7-20;93-108;139-140	unlinked chapter; unreadable closing paragraph	links to 01 02 04 naxwe/08 naxwe/03 sarfe/04 naxwe/14 §4.3; damaged closing omitted	repository-supported/navigation-update/structural-only	cleaned orthography 01-02; naxwe/08; naxwe/03; sarfe/04; naxwe/14 §4.3; orthography README omit-OCR rule	maintainer	applied-awaiting-cleanup-review
2026-08-19	resources/qoraal/03-kala-qoridda-adag.md	O03-R003,O03-R005,O03-R008	35-51;76;130-137	fidsanaan tahay twice without nahay; nadaw dahay expanded as ahay; short ladan reprise omitted nahay	fidsanaan aligned to Go'aanka six-line set; Type II dahay to tahay; waa ladan nahay restored	repository-supported/paradigm-correction	same-file Go'aanka lines; madaw + tahay to madawdahay; naxwe/08 nahay	maintainer	applied-awaiting-cleanup-review
2026-08-19	resources/qoraal/03-kala-qoridda-adag.md	O03-R006	84	la isku na qoro	lama isku qoro; link to 01-hadal-iyo-qoraal.md	repository-supported/form-correction	O01-R002 lama huraan; cleaned resources/qoraal/01-hadal-iyo-qoraal.md	maintainer	applied-awaiting-cleanup-review
2026-08-19	resources/qoraal/04-kala-qoridda-lama-qasban.md	O04-R001,O04-R004,O04-R009	1-7;104;183-185	unlinked must-not-split chapter	links to 01-03, naxwe/12 §12.3, and files 02-03 in the closing	repository-supported/navigation-update	cleaned orthography 01-03; resources/naxwe/12-noocyada-weeraha.md §12.3	maintainer	applied-awaiting-cleanup-review
2026-08-19	resources/qoraal/04-kala-qoridda-lama-qasban.md	O04-R003,O04-R006,O04-R007,O04-R008	79;138;168-181	narkii; lagu na; naxay; haw yari	markii; laguma; maxay; hawl yari	repository-supported/form-correction	dictionary maxay Waa maxay; same-file hawl yari; O01-R002/O03-R006 lama/laguma	maintainer	applied-awaiting-cleanup-review
2026-08-19	resources/qoraal/04-kala-qoridda-lama-qasban.md	O04-R005	121-132	fidsanaan persons 2-8 were pronoun-only without negative aan	aan restored before pronouns 2-8; 1sg kept as Waxa aan tegin magaalada	repository-supported/paradigm-correction	same-file dialect 2 Waxa aan aan; same-file Maxaa fidsanaan keeps Maxaa on every line	maintainer	applied-awaiting-cleanup-review
2026-08-19	resources/qoraal/05-astaamaynta.md	O05-R001,O05-R003,O05-R008	1-11;24-41;298-304	1977-era booklet voice; hamsa and closing unlinked	collection chapter with source diagnosis retained; links to 01 naxwe/01 alphabet spec dhawaaq/05	repository-supported/scope-correction/navigation-update	O01-R001; resources/qoraal/01-hadal-iyo-qoraal.md; resources/naxwe/01-ereyada.md; spec/orthography/0001-alphabet.md; resources/dhawaaq/05-codadka-sare.md	maintainer	applied-awaiting-cleanup-review
2026-08-19	resources/qoraal/05-astaamaynta.md	O05-R001,O05-R004,O05-R005,O05-R007	11;49;62;112;116;118;282	nidaam ann hab; dhannaato; gurxoon; dhannaan; imanayna	nidaam iyo hab; dhammaato; qurxoon; dhammaan; imanaynaa	repository-supported/form-correction	O01-R002 dhammaanta; dictionary qurxoon dhammaan; same-file dhammaatay	maintainer	applied-awaiting-cleanup-review
2026-08-19	resources/qoraal/06-xarafka-weyn.md	O06-R001,O06-R005	1-14;87-94	00-sources.md mentioned without a link	opening pointer and reminder bullet linked to 00-sources.md; not presented as drafted SLS-0005	repository-supported/navigation-update	resources/qoraal/00-sources.md; spec/orthography/0001-alphabet.md planned SLS-0005	maintainer	applied-awaiting-cleanup-review
2026-08-19	resources/qoraal/00-sources.md	O00S-R002,O00S-R003,O00S-R004	5-29	primary file-map and Nilsson rows used inert paths	01-06 converted to local links; Nilsson remains a supplement	repository-supported/navigation-update	cleaned morphology 00-sources.md registry pattern; resources/qoraal/01-hadal-iyo-qoraal.md through 06-xarafka-weyn.md	maintainer	applied-awaiting-cleanup-review
2026-08-19	resources/qoraal/00-sources.md	O00S-R005	31-42	manually verified wording read as finished curation	extraction versus 2026-08-19 cleanup-audit status; SLS-0005 recorded as planned not drafted	repository-supported/status-correction	docs/resource-cleanup/file-reviews/qoraal/	maintainer	applied-awaiting-cleanup-review
2026-08-19	resources/qoraal/README.md	ORD-R001,ORD-R002,ORD-R004,ORD-R005	1-9;11-24;42-61	inert layout fence; Somali-only banned file 06 glosses; stale OCR Page N inventory	linked layout table; Somali-only scoped to 01-05; current-status note; descriptive versus spec boundary added	repository-supported/scope-correction/navigation-update/status-correction	cleaned resources/sarfe/README.md; docs/RESOURCES.md; docs/resource-cleanup/file-reviews/qoraal/	maintainer	applied-awaiting-cleanup-review
2026-08-19	resources/dhawaaq/01-hordhac.md	PH01-R001,PH01-R002,PH01-R004,PH01-R005	1-13;15-26;41-69	Buuggani booklet voice; talogalay; unlinked collection map	collection framing; talagalay; links to 02-06	repository-supported/scope-correction/form-correction/navigation-update	O01-R001; cleaned naxwe loogu talagalay; resources/dhawaaq/02-xubnaha-hadalka.md through 06-lahjadaha.md	maintainer	applied-awaiting-cleanup-review
2026-08-19	resources/dhawaaq/02-xubnaha-hadalka.md	PH02-R002,PH02-R004,PH02-R005	56;82-99;101-135	duunta; shibane; Laba iyo afartan iyo toddoba; unlinked 52/47/15 counts	dhuunta; shibbane; afartan iyo toddoba; source-count qualification plus links to naxwe/01 and 03-05	repository-supported/form-correction/scope-correction/navigation-update	same-file dhuunta shibbane; parenthetical (47); cleaned resources/naxwe/01-ereyada.md	maintainer	applied-awaiting-cleanup-review
2026-08-19	resources/dhawaaq/03-shibbanayaasha.md	PH03-R001,PH03-R002,PH03-R003,PH03-R006,PH03-R007	1-17;84;103;243;258-291	unlinked opening; facarada; xabbbad; 22 vs 21 inventory	links to 02 and 08; caarada; xabbad; source 22 vs 21-row table plus naxwe/01 and SLS-0001 links	repository-supported/form-correction/scope-correction/navigation-update	same-file caarada and IPA /xabbad/; cleaned naxwe/01 alphabet; spec/orthography/0001-alphabet.md	maintainer	applied-awaiting-cleanup-review
2026-08-19	resources/dhawaaq/04-shaqaallada.md	PH04-R001,PH04-R003	1-23;48-52	senceyay; /ə/ readable as a sixth SLS letter	sameeyay; /ə/ scoped as source quality; links to 03 and naxwe/01 §1.2.1	repository-supported/form-correction/scope-correction/navigation-update	dictionary samee; cleaned resources/naxwe/01-ereyada.md §1.2.1	maintainer	applied-awaiting-cleanup-review
2026-08-19	resources/dhawaaq/05-codadka-sare.md	PH05-R001,PH05-R002,PH05-R004,PH05-R005	1-31;68-70;118-145;205-206	universal opening; backtick orthography path; Laylis drill; unlinked tone and IPA	scoped opening; live qoraal/05 link; drill omitted; links to naxwe/01-02 and file 07	repository-supported/scope-correction/navigation-update/structural-only	cleaned qoraal/05; naxwe/01 §1.2.2; naxwe/02; SLS-native exercise exclusion	maintainer	applied-awaiting-cleanup-review
2026-08-19	resources/dhawaaq/06-lahjadaha.md	PH06-R001,PH06-R003,PH06-R004	28-29;46;121-129	curdur; Buuggani; closing drill	cudur; collection framing; drill omitted; dialects/ kept as future	repository-supported/form-correction/scope-correction/structural-only	dictionary cudur; O01-R001 booklet-voice pattern; SLS-native exercise exclusion	maintainer	applied-awaiting-cleanup-review
2026-08-19	resources/dhawaaq/07-xuruufta-caalamiga.md	PH07-R001,PH07-R003,PH07-R004	1-19;76-115	booklet voice; unused plate-number list; unlinked letter identity	collection IPA appendix; no-plates note plus linked 03-05 index; naxwe/01 and SLS-0001 links; /c/ = /ʤ/ retained	repository-supported/scope-correction/navigation-update/structural-only	cleaned naxwe/01; spec/orthography/0001-alphabet.md; SLS-native book-apparatus exclusion	maintainer	applied-awaiting-cleanup-review
2026-08-19	resources/dhawaaq/08-gariirka-iyo-glotis-furan.md	PH08-R001	1-13;23-26	03-shibbanayaasha.md and registry unlinked	Markdown links to 03 and 00-sources.md; not presented as drafted SLS-0600	repository-supported/navigation-update	resources/dhawaaq/03-shibbanayaasha.md; resources/dhawaaq/00-sources.md	maintainer	applied-awaiting-cleanup-review
2026-08-19	resources/dhawaaq/00-sources.md	PH00S-R002,PH00S-R003,PH00S-R004,PH00S-R005	6-59	inert paths; manually verified plus 2026-07-18 pass table	01-08 local links; extraction versus 2026-08-19 cleanup-audit status; SLS-0600 recorded as planned	repository-supported/navigation-update/status-correction	cleaned qoraal/00-sources.md; docs/resource-cleanup/file-reviews/dhawaaq/	maintainer	applied-awaiting-cleanup-review
2026-08-19	resources/dhawaaq/README.md	PHRD-R001,PHRD-R002,PHRD-R004,PHRD-R005	1-11;13-28;41-64	inert layout fence; Somali-first banned first-use glosses; stale 2026-07-18 verification	linked layout table; first-use glosses allowed; current-status note; descriptive versus spec boundary added	repository-supported/scope-correction/navigation-update/status-correction	cleaned resources/qoraal/README.md; docs/RESOURCES.md; docs/resource-cleanup/file-reviews/dhawaaq/	maintainer	applied-awaiting-cleanup-review
2026-08-19	resources/erey-bixin/01-bayoolaji.md	EB01-R001	1-2	title only; no registry link	one-line collection note linking 00-sources.md	repository-supported/navigation-update	resources/erey-bixin/00-sources.md; collection README no per-file provenance blocks	maintainer	applied-awaiting-cleanup-review
2026-08-19	resources/erey-bixin/01-bayoolaji.md	EB01-R002	whole file	letter headings B-Z without preceding blank lines	blank line before each letter heading; K/Q/Y not invented	structural-only	resources/erey-bixin/README.md letter-section format; 04-kimistari.md used only as negative check	maintainer	applied-awaiting-cleanup-review
2026-08-19	resources/erey-bixin/01-bayoolaji.md	EB01-R003	28;30;500;679	Kidido farac; Kidido haweed; Kidid miigan; Kidid dhinac	Xididdo farac; Xididdo haweed; Xidid miigan; Xidid dhinac	repository-supported/form-correction	same-file Root * xidid rows; dictionary xidid/xididdo	maintainer	applied-awaiting-cleanup-review
2026-08-19	resources/erey-bixin/01-bayoolaji.md	EB01-R004	675-676	Carjow quiaanquishe; Quiaanquishe	Carjaw qulaanqulshe; Qulaanqulshe; locomotion quiaanquishe retained	repository-supported/form-correction/unresolved	same-file Laf carjaweed; dictionary carjaw and qulaanqulshe; phonology qalaanqulshe not used	maintainer	applied-awaiting-cleanup-review
2026-08-19	resources/erey-bixin/01-bayoolaji.md	EB01-R005	59;68;180;565;571;1114;1232	Ammion; Amonification; Kimigtariga; Ganjidh; Ilk; Gan gqori	Amnion; Ammonification; Kimistariga noolaha; Qanjidh; Ilig; Gan qori; Ammoeniyeyn retained	repository-supported/form-correction/unresolved	dictionary kimistariga-noolaha qanjidh ilig qori; same-file Qanjidh cluster	maintainer	applied-awaiting-cleanup-review
2026-08-19	resources/erey-bixin/01-bayoolaji.md	EB01-R006	563	Gills — Redhsdhazie	row omitted; other unreadable Somali sides retained unresolved	omit-unreadable-ocr/unresolved	resources/erey-bixin/00-sources.md file 09 omit-unreadable rule	maintainer	applied-awaiting-cleanup-review
2026-08-19	resources/erey-bixin/02-fisikis.md	EB02-R001	1-2	title only; no registry link	one-line collection note linking 00-sources.md	repository-supported/navigation-update	resources/erey-bixin/00-sources.md; cleaned 01-bayoolaji.md opening	maintainer	applied-awaiting-cleanup-review
2026-08-19	resources/erey-bixin/02-fisikis.md	EB02-R003	6-9;112-113;131;149-151	Abaorptivity; Aberation; Anamolous; Anistropy; Aperature	Absorptivity; Aberration; Anomalous; Anisotropy; Aperture	repository-supported/form-correction	same-file Absorption and Xagal dalool; standard English physics heads	maintainer	applied-awaiting-cleanup-review
2026-08-19	resources/erey-bixin/02-fisikis.md	EB02-R004	5;7-9;11;15;43;48;80;82;91-92;136;138;141;149;155;174;222;230-234;238;244;284;286;1026;1077;1086;1400;1402	augan; Yeerkul; Raydh/Yaydh; Quigul; Atag; Fiaika; Waltax and other unique OCR	sugan; Heerkul; Haydh; Qulqul; Atam; Fisikis; Walax; talantaaliyr retained	repository-supported/form-correction/unresolved	same-file sugan haydh qotintogane jabaqeed Qulqul Sallax; dictionary heerkul atam fisikis walax dayuurad xawaare soohdin	maintainer	applied-awaiting-cleanup-review
2026-08-19	resources/erey-bixin/02-fisikis.md	EB02-R005	68;274;632	Eeroodaynaamik (ada@); Carbon cycle — Meerte Sersttsa; Eyepiece — @bol-Lleed	(ada@) dropped; two unreadable rows omitted	omit-unreadable-ocr/unresolved	cleaned 01-bayoolaji.md Gills omit; resources/erey-bixin/00-sources.md file 09 omit-unreadable rule	maintainer	applied-awaiting-cleanup-review
2026-08-19	resources/erey-bixin/03-juqraafi.md	EB03-R001	1-2	title only; no registry link	one-line collection note linking 00-sources.md	repository-supported/navigation-update	resources/erey-bixin/00-sources.md; cleaned 01-bayoolaji.md and 02-fisikis.md openings	maintainer	applied-awaiting-cleanup-review
2026-08-19	resources/erey-bixin/03-juqraafi.md	EB03-R003	9;74;147	Abysal; Astenosphere; Caleification	Abyssal; Asthenosphere; Calcification	repository-supported/form-correction	standard English geography heads	maintainer	applied-awaiting-cleanup-review
2026-08-19	resources/erey-bixin/03-juqraafi.md	EB03-R004	10-11;28;33;64;71;83;140;224;228;304;329	heerkui; Dhaqdhaqaag; Agoon; Marinks; gorraxeed; Ooomane; Dhidid; Keerka; qaaratieed/qaatadeed; Filigsanaan; Dhagdhaqaaga	heerkul; Dhaqdhaqaaq; Aqoon; Marin cirka; qorraxeed; Oomane; Dhidib; Xeerka; qaaradeed; Filiqsanaan; Dhaqdhaqaaqa; Gego retained	repository-supported/form-correction/intentional-retained	same-file heerkul Aqoon Marin qaaradeed Dhaqdhaqaaq Qorrax; dictionary dhidib-dhuleed oomane filiqsanaan gegi/gego xeerka	maintainer	applied-awaiting-cleanup-review
2026-08-19	resources/erey-bixin/03-juqraafi.md	EB03-R005	113;125;234;244;248;300;309;654;765-766;892	Bey; Bos; Copse; Coseismicline; Courter-trades; Diet mash; Dogmatic; Paraseiene; Sees; Sef; Wel mash	eleven unreadable, mashed, or OCR-duplicate rows omitted	omit-unreadable-ocr/unresolved	same-file Coseismic line Counter-trades Paraselene Pelagic deposits Well; 01/02 omit-unreadable rule	maintainer	applied-awaiting-cleanup-review
2026-08-19	resources/erey-bixin/03-juqraafi.md	EB03-R006	124;230;463;507;772	Bora curly quote; Contour 2 Joogekeeye a; Grit curly quote; Hygroscope trailing debris; Serra ~ secs	Bora — Bora; Contour — Joog ekeeye; Grit quote dropped; Huur tuse; Silsilad buureed	repository-supported/form-correction/unresolved	same-file Joog ekeeye Huur Bora identity	maintainer	applied-awaiting-cleanup-review
2026-08-19	resources/erey-bixin/04-kimistari.md	EB04-R001	1-2	title only; no registry link	one-line collection note linking 00-sources.md	repository-supported/navigation-update	resources/erey-bixin/00-sources.md; cleaned 01-03 openings	maintainer	applied-awaiting-cleanup-review
2026-08-19	resources/erey-bixin/04-kimistari.md	EB04-R003	737-738	107 I-heads listed under H with no heading	## I inserted after Hypothesis — Afeef	structural-only/repository-supported	same-file ## K after Isotope; cleaned 02/03 ## I	maintainer	applied-awaiting-cleanup-review
2026-08-19	resources/erey-bixin/04-kimistari.md	EB04-R004	227;252;647;729;774;1729	Hubaashada; Kaadmiyan; Saabadnka; Hybo; Organik ma ahe; Alkohool gori	Hubsashada; Kaadmiyam; Saabaanka; Hypo; Orgaanik ma ahe; Alkohool qori; Oorgaanik retained	repository-supported/form-correction/intentional-retained	same-file Hubsashada Kaadmiyam Saabaanka Kib orgaanik ma ahe; dictionary qori; Hypo- cluster	maintainer	applied-awaiting-cleanup-review
2026-08-19	resources/erey-bixin/05-xisaab.md	EB05-R001	1-2	title only; no registry link	one-line collection note linking 00-sources.md	repository-supported/navigation-update	resources/erey-bixin/00-sources.md; cleaned 01-04 openings	maintainer	applied-awaiting-cleanup-review
2026-08-19	resources/erey-bixin/05-xisaab.md	EB05-R002	whole file	letter headings B-Z without preceding blank lines	blank line before each letter heading; J not invented; Ururinta and symbol table kept as separate blocks	structural-only/intentional-retained	resources/erey-bixin/README.md three-block layout; chemistry I-heading used only as negative check	maintainer	applied-awaiting-cleanup-review
2026-08-19	resources/erey-bixin/05-xisaab.md	EB05-R003	7;30;35;44;65;96;120-122;134;137	Abgorptive; Algorithn; Ambigugua; Angle at centte; Angles alleruate; Are of a curve; harmenic; Axia of revolution; Axie of synmetry; Batween; Beviation	Absorptive; Algorithm; Ambiguous; Angle at centre; Angles alternate; Arc of a curve; harmonic; Axis of revolution; Axis of symmetry; Between; Deviation; Ururinta Deviation row retained	repository-supported/form-correction/intentional-retained	same-file Alternate angles Arc of a circle Axis; standard English mathematics heads	maintainer	applied-awaiting-cleanup-review
2026-08-19	resources/erey-bixin/05-xisaab.md	EB05-R004	15;19-20;28;31;42;61;82;90	Xagel fiigan; Taugeyn; Jeugeynta; aijebraad; Xagio; Tyo; quoman; Xdaaab; igtiyaari; Null sec	Xagal fiiqan; Isugeyn; Isugeynta; aljebraad; Xaglo; Iyo; qumman; Xisaab dabbagqaad; iqtiyaari; Null set; Xagel qunsaa retained	repository-supported/form-correction/unresolved	same-file Xagal fiiqan isugeynta aljebraad iqtiyaari Saddexagal qumman; README Xagal qumman; dictionary isugeyn	maintainer	applied-awaiting-cleanup-review
2026-08-19	resources/erey-bixin/05-xisaab.md	EB05-R005	43;77;484;541;557;639-640;647;814;879;990	Angle vertex mash; Anticlock wise mash; General Guad mash; Hyperboloid mash; Kumber; Negative direction mash; Neighborhood mash; Number perfect mash; Reota mash; Simplified mash; T-section Non-trivial solution	eleven mashed or OCR-duplicate rows omitted; N-section Non-trivial solution kept	omit-unreadable-ocr/unresolved	same-file Angle vertex of an Anticlockwise Non-trivial solution; 01-04 omit-unreadable rule	maintainer	applied-awaiting-cleanup-review
2026-08-19	resources/erey-bixin/05-xisaab.md	EB05-R006	1228-1229;1349-1351;1358;1361;1368;1372	Isle,eg; isle,eg; Integer positive Abyoone taban; Integer negative Abyoone togan; substract; Qybin; le,eg; Dhamaan; Ugu dhywaan nla mid ah	Isle'eg; isle'eg; Abyoone togan; Abyoone taban; subtract; Qaybin; le'eg; Dhammaan; Ugu dhawaan la mid ah	repository-supported/form-correction	same-file 1987 isle'eg Qaybin Negative Taban; dictionary dhammaan	maintainer	applied-awaiting-cleanup-review
2026-08-19	resources/erey-bixin/06-wasaaradaha.md	EB06-R001	1-2	title only; no registry link	one-line collection note linking 00-sources.md	repository-supported/navigation-update	resources/erey-bixin/00-sources.md; cleaned 01-05 openings	maintainer	applied-awaiting-cleanup-review
2026-08-19	resources/erey-bixin/06-wasaaradaha.md	EB06-R002	1804;4200	Wasaraadda Gaadiidka parsed as a term pair; Wararka yo	## Wasaaradda Gaadiidka restored (214 pairs); Wararka iyo; mixed heading capitalisation retained	structural-only/repository-supported/intentional-retained	same-file ## Wasaaradda and iyo headings; chemistry ## I restore used as analog; dictionary wasaarad	maintainer	applied-awaiting-cleanup-review
2026-08-19	resources/erey-bixin/06-wasaaradaha.md	EB06-R003	7;12;49;315;343;350;409;414;1021;1822;3037;3237;3289;3846;4374	ADMINISTRATION; Ahids; Cattle tike; Wood Borders; Bulwy; baring; reign; Domicille; In put; cooper; Secendment (? Leech?); pairs; Larvacidem; landing; Sufferage	Administration; Aphids; Cattle tick; Wood Borers; Bulky; bearing; foreign; Domicile; Input; copper; Secondment; Paris; Larvicide; lading; Suffrage	repository-supported/form-correction	same-file Copper Input Weevils; standard English administrative heads	maintainer	applied-awaiting-cleanup-review
2026-08-19	resources/erey-bixin/06-wasaaradaha.md	EB06-R004	2836;4143;4167;303	Nalolwarran; qoeaal; matfax; Dherayn	Nololwarran; qoraal; matxaf; Dheerayn; Bagteria retained	repository-supported/form-correction/intentional-retained	same-file Nolol-aqoon Gal qoraal Dheerayn; dictionary qoraal matxaf; biology Bakteeriya not imported	maintainer	applied-awaiting-cleanup-review
2026-08-19	resources/erey-bixin/06-wasaaradaha.md	EB06-R005	236;306;379;388-389;401;418;498-499;505;517;550;570;577;580;586-587;1802-1803;2101;2495-2499;2534;3101;3507;3848	starred page notes; Rice Weevil mash; Vote Book mash; postal multi-entry fragments; Infermita mash; partitionis; Spooning mash; Laoa budget mash	twenty-nine mashed, fragmentary, or apparatus rows omitted; remaining postal misalignment retained	omit-unreadable-ocr/unresolved	01-05 omit-mash rule; same-file Rice Bariid Weevils Vote book under Lacagta	maintainer	applied-awaiting-cleanup-review
2026-08-19	resources/erey-bixin/06-wasaaradaha.md	EB06-R006	799;855;1108-1109;1117;1220;1689;1809-1810;2800;3586;3701;3736;3852-3853;3893;3952;4135	English compounds split at the emdash	Charge d'Affaires; National Day; To excite/feed/sharpen; Cam shaft; Stainless steel; Air-cooled arc welder; Air cooling; Cash book; Budget/Outlay compounds; Maritime Traffic; Art and Craft	repository-supported/form-correction	same-file To Switch off Stainless steel welding Input Cashier	maintainer	applied-awaiting-cleanup-review
2026-08-19	resources/erey-bixin/07-barbaarinta-jirka.md	EB07-R001	1-2	title only; no registry link	one-line collection note linking 00-sources.md	repository-supported/navigation-update	resources/erey-bixin/00-sources.md; cleaned 01-06 openings	maintainer	applied-awaiting-cleanup-review
2026-08-19	resources/erey-bixin/07-barbaarinta-jirka.md	EB07-R003	115;122;353;487;599	Spinned shot; Sportman; Artistic gymnastic; Man's Competitions; Pack-line player	Spin shot; Sportsman; Artistic gymnastics; Men's Competitions; Back-line player	repository-supported/form-correction	same-file Sportswoman Women's Competitions Front-line player Back zone Gymnastic apparatus	maintainer	applied-awaiting-cleanup-review
2026-08-19	resources/erey-bixin/07-barbaarinta-jirka.md	EB07-R004	52;70;108;149;180;205;210;289;315;328;433;475;564;567;581;599;600;622	golal; gof-qof; sharc; ke saarid; daaface; xukumaada kubadda; xedke; garoonke; nogosho/nogotay; wadax; gaxan; xarriiqda; dhiibisho; shaqsi	goolal; qof-qof; sharci; ka saarid; difaace; xukumidda kubbadda; xadka; garoonka; noqosho/noqotay; madax; saxan tuure; xarriigda; dhiibasho; shakhsi; majority xarriigda retained	repository-supported/form-correction/intentional-retained	same-file gool qof-qof sharci jebin ka saarid difaace xukumidda xadka garoonka madax saxan tuurka dhiibasho xarriigda shakhsi; dictionary noqosho	maintainer	applied-awaiting-cleanup-review
2026-08-19	resources/erey-bixin/08-magacyada-dhirta.md	EB08-R001	1-2	title only; no registry link	one-line collection note linking 00-sources.md	repository-supported/navigation-update	resources/erey-bixin/00-sources.md; cleaned 01-07 openings	maintainer	applied-awaiting-cleanup-review
2026-08-19	resources/erey-bixin/08-magacyada-dhirta.md	EB08-R002	138-144	five F-initial vernaculars listed under E	## F moved after Ellan; Faradheere through Fifiole now under F; Latin A-Z sort not applied	structural-only/repository-supported	resources/erey-bixin/README.md Somali-initial sections; chemistry ## I restore analog	maintainer	applied-awaiting-cleanup-review
2026-08-19	resources/erey-bixin/08-magacyada-dhirta.md	EB08-R003	27;31;35;53;69;159;174;258-259;345	phillipwiae; famstigiata; Dicanthium; schimperanus; aegyptica; freereana; erlangerana	phillipsiae; fastigiata; Dichanthium; schimperianus; aegyptiaca; frereana; erlangeriana; Acacia Sansevieria Boswellia carteri retained	repository-supported/form-correction/intentional-retained	same-file schimperanus erlangerana twice; standard 1985 epithets Dichanthium fastigiata phillipsiae aegyptiaca frereana schimperianus erlangeriana	maintainer	applied-awaiting-cleanup-review
2026-08-19	resources/erey-bixin/08-magacyada-dhirta.md	EB08-R004	106	Caws-damer	Caws-dameer; Aan-ole/Aan-orle Yeheb/Yicib Allan/Ellan retained	repository-supported/form-correction/intentional-retained	same-file Caws-dameer	maintainer	applied-awaiting-cleanup-review
2026-08-19	resources/erey-bixin/09-farsamada-culuunta.md	EB09-R001	1-2	title only; no registry link	one-line collection note linking 00-sources.md	repository-supported/navigation-update	resources/erey-bixin/00-sources.md; cleaned 01-08 openings	maintainer	applied-awaiting-cleanup-review
2026-08-19	resources/erey-bixin/09-farsamada-culuunta.md	EB09-R003	22;61;163;165-166;184;192;194;226;322;326;344;366;440	area meter space; carburator; entalpy; eristallization; erystallizer; fead; fiow; estinguisher; Glower; potenzial; planing; resistence; strenght; wattability	area meter, rotameter; carburetor; enthalpy; crystallization; crystallizer; feed; flow; extinguisher; Glover; potential; planning; resistance; strength; wettability; US gage/center retained	repository-supported/form-correction/intentional-retained	same-file Dodge pulverizer vapor pressure; standard English industrial heads	maintainer	applied-awaiting-cleanup-review
2026-08-19	resources/erey-bixin/09-farsamada-culuunta.md	EB09-R004	64;76;104;152;180;214;246;253;255;286;290;300;321;382;428;450;463	kimikaad; gaboojinta; dhagaale; warshed; tinaar/tinnar/finnaar; Jjanjeer; galab; guadaha; qgasid; Jjajab; hawlead; dexalaysan; deggenaansha; dherir; tobograafiyeed	kiimikaad; qaboojinta; dhaqaale; warshad; tinnaar; janjeer; qalab; gudaha; isku-qasid; jajab; hawleed; daxalaysan; degganaansho; dherer; topograafiyeed; Jjaandi retained	repository-supported/form-correction/intentional-retained	same-file kiimikaad warshadeyn tinnaar qalab degganaansho; dictionary qabooji dhaqaale dherer gudaha; chemistry Aluuminiyam and 06 jaandi not imported	maintainer	applied-awaiting-cleanup-review
2026-08-19	resources/erey-bixin/09-farsamada-culuunta.md	EB09-R005	23;34;55-56;78;83;90;92;96;105-107;114;118;129;142;150;153;168;191;198;209;212;215;217;267;287;297;331;339;356;359;361-362;371;388;395;398;405-406;421;432-433;435;441	Italian-only glosses; combustione/craking; mashed friction-loss row; OCR-duplicate English heads	forty-five Italian-only, unreadable, or OCR-duplicate rows omitted; Italian not translated into English	omit-unreadable-ocr/unresolved	00-sources.md file-09 Italian-only omit rule; same-file wareeg-beeg constituent pulverizer sesame oil vapor pressure turbulence by-pass valve	maintainer	applied-awaiting-cleanup-review
2026-08-19	resources/erey-bixin/09-farsamada-culuunta.md	EB09-R006	227;242;392	garaam-molekiyuul i; shiiddo jiifeed b; Jjoogga soo-nuugidda b	garaam-molekiyuul; shiiddo jiifeed; joogga soo-nuugidda	repository-supported/form-correction	physics (ada@) debris strip analog	maintainer	applied-awaiting-cleanup-review
2026-08-19	resources/erey-bixin/00-sources.md	EB00S-R002,EB00S-R004	6-41	nine file rows used inert backtick paths	01-09 converted to local links; unresolved 1987/1972/1984/1985 authors retained	repository-supported/navigation-update/intentional-retained	cleaned dhawaaq/orthography 00-sources.md; cleaned erey-bixin 01-09 H1s	maintainer	applied-awaiting-cleanup-review
2026-08-19	resources/erey-bixin/00-sources.md	EB00S-R003	19-22	Duplicate English heads are not repeated	Ururinta 2aad and Sumadaha kept as separate blocks; cross-block duplicate heads retained; Cabdalla Cumar Mansuur retained	repository-supported/status-correction/intentional-retained	cleaned 05-xisaab.md Ururinta 2aad (Cilmiga) and Sumadaha xisaabta; EB05 Deviation retained in both blocks	maintainer	applied-awaiting-cleanup-review
2026-08-19	resources/erey-bixin/00-sources.md	EB00S-R005	43-50	coverage notes omitted the 2026-08-19 cleanup audit	01-09 cleanup-audit status plus file-review link; not full scan verification; Ururinta 1aad and 09 Italian-only rules retained	repository-supported/status-correction/intentional-retained	docs/resource-cleanup/file-reviews/erey-bixin/; cleaned 06 and 09	maintainer	applied-awaiting-cleanup-review
2026-08-19	resources/erey-bixin/README.md	EBRD-R001,EBRD-R002,EBRD-R004,EBRD-R005	1-6;8-24;44-60	inert layout fence; Ururinta 2aad folded in / duplicate heads dropped; no RESOURCES/spec boundary	linked layout table of eleven files; Ururinta 2aad as separate blocks; current-status note; descriptive versus spec boundary added	repository-supported/scope-correction/navigation-update/status-correction	cleaned 00-sources.md and 05-xisaab.md; docs/RESOURCES.md; docs/resource-cleanup/file-reviews/erey-bixin/	maintainer	applied-awaiting-cleanup-review
2026-08-19	resources/erey-bixin/README.md	EBRD-R003	26-42	accepted scientific binomial; heading types omitted 05 extra blocks	printed 1985 scientific names; Ururinta/Sumadaha headings noted; Antibody and Angle examples retained	repository-supported/scope-correction/intentional-retained	cleaned 08-magacyada-dhirta.md Acacia retained; cleaned 05 extra H2s	maintainer	applied-awaiting-cleanup-review
2026-08-19	resources/README.md	RES-R001,RES-R002,RES-R005,RES-R006	1-5;7-92;113-124	topic-focused SLS synthesis applied to every collection; inert layout fence; fake suugaan globs	descriptive versus spec boundary; three content philosophies; linked eight-collection map; naxwe core vs supplement; 09 labeled partial; tracker status note	repository-supported/scope-correction/navigation-update/status-correction	docs/RESOURCES.md; cleaned naxwe/erey-bixin READMEs; RESOURCE_CLEANUP_TRACKER.md	maintainer	applied-awaiting-cleanup-review
2026-08-19	resources/README.md	RES-R003,RES-R004	94-111	qaamuus example and wordlist note used inert paths	Aabbe example retained; abbreviations and wordlists linked; dictionary format not rewritten	repository-supported/navigation-update/intentional-retained	qaamuus/00-abbreviations.md; 26 wordlists letter files	maintainer	applied-awaiting-cleanup-review
2026-08-19	resources/qaamuus/01-b.md	QAB01-R001	1-3	no collection note	Somali registry link to 00-sources.md added	repository-supported/navigation-update	cleaned qaamuus/00-sources.md; erey-bixin content-file pattern	maintainer	applied-awaiting-cleanup-review
2026-08-19	resources/qaamuus/01-b.md	QAB01-R004	3158	STX control character in ld buunshabbaxsanaansho target	ld buunshabbaxsanaansho	repository-supported/form-correction	same-file buunshabbaxsanaansho entry line 3162	maintainer	applied-awaiting-cleanup-review
2026-08-19	resources/qaamuus/01-b.md	QAB01-R005	124	baajin and baajis merged on one line	two separate list entries with mutual ld	repository-supported/structural-only	same-file entry format pattern	maintainer	applied-awaiting-cleanup-review
2026-08-19	resources/qaamuus/01-b.md	QAB01-R006	641;1812	(baai.); (c.daaw.)	(baay.); (daaw.)	repository-supported/form-correction	qaamuus/00-abbreviations.md baay. and daaw. rows	maintainer	applied-awaiting-cleanup-review
2026-08-19	resources/madax-ereyo/01-b.md	WLB01-R001	1-3	no derivation note	Somali registry link to 00-sources.md added	repository-supported/navigation-update	cleaned qaamuus/01-b.md collection note pattern	maintainer	applied-awaiting-cleanup-review
2026-08-19	resources/madax-ereyo/01-b.md	WLB01-R002	123-125	missing baajis after baajin	baajis row inserted	repository-supported/structural-only	cleaned qaamuus/01-b.md QAB01-R005 split	maintainer	applied-awaiting-cleanup-review
2026-08-19	resources/madax-ereyo/01-b.md	WLB01-R003	3226-3227	Baktiiriyada; baddelo orphan heads	rows removed	repository-supported/cross-collection/form-correction	QAB01-R008; qaamuus/14-q.md and 26-u.md prose fragments	maintainer	applied-awaiting-cleanup-review
2026-08-19	resources/qaamuus/02-t.md	QAT02-R001	1-3	no collection note	Somali registry link to 00-sources.md added	repository-supported/navigation-update	01-b pilot pattern	maintainer	applied-awaiting-cleanup-review
2026-08-19	resources/madax-ereyo/02-t.md	WLT02-R001	1-3	no derivation note	Somali registry link to 00-sources.md added	repository-supported/navigation-update	madax-ereyo/01-b pattern	maintainer	applied-awaiting-cleanup-review
2026-08-19	resources/qaamuus/03-j.md	QAJ03-R001	1-3	no collection note	Somali registry link to 00-sources.md added	repository-supported/navigation-update	02-t letter-pair pattern	maintainer	applied-awaiting-cleanup-review
2026-08-19	resources/madax-ereyo/03-j.md	WLJ03-R001	1-3	no derivation note	Somali registry link to 00-sources.md added	repository-supported/navigation-update	madax-ereyo/02-t pattern	maintainer	applied-awaiting-cleanup-review
2026-08-19	resources/qaamuus/01-b.md	QAB01-R003	51-793;425;547;22-a;27-aa;+40files	227+ headwords/refs with invalid ą/Ą/U+0104/U+0105 glyphs	normalized: ą→a with homonym allocation; manual bąd→bed⁴ bąh→bah²; second pass Ą→A/Wąa/aą/hyphen ld targets; 0 glyph lines remain	repository-supported/encoding-correction/homonym-renumber	collection-wide scan 345→0 remaining ą lines; 01-b/02-t/03-j parity verified	maintainer	applied-awaiting-cleanup-review
2026-08-19	resources/qaamuus/04-x.md	QAX04-R001	1-3	no collection note	Somali registry link to 00-sources.md added	repository-supported/navigation-update	03-j letter-pair pattern	maintainer	applied-awaiting-cleanup-review
2026-08-19	resources/qaamuus/04-x.md	QAX04-R003	79	xąar head with invalid ą	xaar (homonyms xaar¹/xaar² unchanged)	repository-supported/encoding-correction	QAB01-R003 collection-wide rule	maintainer	applied-awaiting-cleanup-review
2026-08-19	resources/madax-ereyo/04-x.md	WLX04-R001	1-3	no derivation note	Somali registry link to 00-sources.md added	repository-supported/navigation-update	madax-ereyo/03-j pattern	maintainer	applied-awaiting-cleanup-review
2026-08-19	resources/madax-ereyo/04-x.md	WLX04-R002	79	xąar head	xaar synced with qaamuus QAX04-R003	repository-supported/encoding-correction	cleaned qaamuus/04-x.md	maintainer	applied-awaiting-cleanup-review
2026-08-19	resources/qaamuus/12-g.md	QAG12-R001	227	aashaandhig¹ OCR drop of initial g	gaashaandhig¹	repository-supported/form-correction	ld gaashaandhigid cross-ref; wordlist parity	maintainer	applied-awaiting-cleanup-review
2026-08-19	resources/qaamuus/12-g.md	QAG12-R002	2563-2565	gudbitaan-danabeed entry split; false oom and Gudbin-danabeed heads	merged into single gudbitaan-danabeed entry	repository-supported/structural-only	same-file physics entry context	maintainer	applied-awaiting-cleanup-review
2026-08-19	resources/qaamuus/14-q.md	QAQ14-R001	896-897	qandho-baaratifo definition split; Baktiiriyada false head	merged prose into qandho-baaratifo entry	repository-supported/structural-only	same-file disease-entry context	maintainer	applied-awaiting-cleanup-review
2026-08-19	resources/qaamuus/15-k.md	QAK15-R001	314-315	kac entry split; khasaarid. false head	senses 2-6 merged into kac entry	repository-supported/structural-only	khasaarid valid entry in 05-kh.md	maintainer	applied-awaiting-cleanup-review
2026-08-19	resources/qaamuus/15-k.md	QAK15-R002	317-318	kacaamee entry split; false kacaan head	merged into kacaamee entry	repository-supported/structural-only	kacaan¹/kacaan² entries follow at 319+	maintainer	applied-awaiting-cleanup-review
2026-08-19	resources/qaamuus/17-m.md	QAM17-R001	287-288	maato entry split; sawiranyahay, false head	merged into maato entry	repository-supported/structural-only	same-file jookar definition	maintainer	applied-awaiting-cleanup-review
2026-08-19	resources/qaamuus/17-m.md	QAM17-R002	369-372	macaluul²/macaluulan split; nafaqo-darro and ahaansho. false heads	merged into macaluul² and macaluulan entries	repository-supported/structural-only	same-file macaluul cluster	maintainer	applied-awaiting-cleanup-review
2026-08-19	resources/madax-ereyo/08-s.md	WLS08-R001	3	sawiranyahay, orphan head	row removed	repository-supported/cross-collection/structural-only	QAM17-R001 maato merge	maintainer	applied-awaiting-cleanup-review
2026-08-19	resources/madax-ereyo/18-n.md	WLN18-R001	3	nafaqo-darro orphan head	row removed	repository-supported/cross-collection/structural-only	QAM17-R002 macaluul² merge	maintainer	applied-awaiting-cleanup-review
2026-08-19	resources/madax-ereyo/05-kh.md	WLKH05-R001	3	khasaarid. orphan head	row removed	repository-supported/cross-collection/structural-only	QAK15-R001 kac merge; khasaarid in 05-kh.md	maintainer	applied-awaiting-cleanup-review
2026-08-19	resources/madax-ereyo/22-a.md	WLA22-R001	2213-2214	aashaandhig¹; ahaansho. orphan heads	rows removed	repository-supported/cross-collection/structural-only	QAG12-R001; QAM17-R002	maintainer	applied-awaiting-cleanup-review
2026-08-19	resources/madax-ereyo/25-o.md	WLO25-R001	3-4	oggonsi; oom misplaced heads	rows removed	repository-supported/cross-collection/structural-only	oggonsi in qaamuus/12-g.md; oom was prose fragment QAG12-R002	maintainer	applied-awaiting-cleanup-review
2026-08-19	resources/madax-ereyo/12-g.md	WLG12-R001	227;2137-2138	gaashaandhig¹ missing; oggonsi missing; Gudbin-danabeed orphan	gaashaandhig¹ and oggonsi added; Gudbin-danabeed removed	repository-supported/cross-collection/structural-only	QAG12-R001 QAG12-R002; qaamuus parity verified	maintainer	applied-awaiting-cleanup-review
2026-08-19	resources/madax-ereyo/15-k.md	WLK15-R001	317	kacaan orphan from kacaamee split	row removed	repository-supported/cross-collection/structural-only	QAK15-R002; kacaan¹/kacaan² remain	maintainer	applied-awaiting-cleanup-review
2026-08-19	resources/qaamuus/05-kh.md	QAKH05-R001	1-3	no collection note	Somali registry link to 00-sources.md added	repository-supported/navigation-update	04-x letter-pair pattern	maintainer	applied-awaiting-cleanup-review
2026-08-19	resources/madax-ereyo/05-kh.md	WLKH05-R002	1-3	no derivation note	Somali registry link to 00-sources.md added	repository-supported/navigation-update	madax-ereyo/04-x pattern	maintainer	applied-awaiting-cleanup-review
2026-08-19	resources/qaamuus/06-d.md	QAD06-R001	1-3	no collection note	Somali registry link to 00-sources.md added	repository-supported/navigation-update	05-kh letter-pair pattern	maintainer	applied-awaiting-cleanup-review
2026-08-19	resources/qaamuus/06-d.md	QAD06-R003	1334-1335	danaani¹ split; durruqaan. false head	sense 3 completed; ld durruqaan dannaanni¹; false head removed	repository-supported/structural-only	durruqaan entry at 3594	maintainer	applied-awaiting-cleanup-review
2026-08-19	resources/qaamuus/06-d.md	QAD06-R004	1413	dannaago and dannaanni¹ merged on one line	two separate list entries	repository-supported/structural-only	wordlist parity	maintainer	applied-awaiting-cleanup-review
2026-08-19	resources/madax-ereyo/06-d.md	WLD06-R001	1-3	no derivation note	Somali registry link to 00-sources.md added	repository-supported/navigation-update	madax-ereyo/05-kh pattern	maintainer	applied-awaiting-cleanup-review
2026-08-19	resources/madax-ereyo/06-d.md	WLD06-R002	1335;1413-1414	durruqaan. orphan; dannaanni¹ missing	durruqaan. removed; dannaanni¹ inserted	repository-supported/cross-collection/structural-only	QAD06-R003 QAD06-R004	maintainer	applied-awaiting-cleanup-review
2026-08-19	resources/qaamuus/07-r.md	QAR07-R001	1-3	no collection note	Somali registry link to 00-sources.md added	repository-supported/navigation-update	06-d letter-pair pattern	maintainer	applied-awaiting-cleanup-review
2026-08-19	resources/qaamuus/07-r.md	QAR07-R003	77-78	raadqaad² split; raadraacid. false head	senses merged; raadraacid valid entry at 85 unchanged	repository-supported/structural-only	same-file raadraac cluster	maintainer	applied-awaiting-cleanup-review
2026-08-19	resources/qaamuus/07-r.md	QAR07-R004	218-219	rabash¹ ld split; rabshad, false head	ld rabshad rabsho merged into rabash¹	repository-supported/structural-only	rabshad entry at 263	maintainer	applied-awaiting-cleanup-review
2026-08-19	resources/qaamuus/07-r.md	QAR07-R005	275-276	rabshow split; rabsho false head	merged into rabshow entry	repository-supported/structural-only	rabsho entry at 273	maintainer	applied-awaiting-cleanup-review
2026-08-19	resources/madax-ereyo/07-r.md	WLR07-R001	1-3	no derivation note	Somali registry link to 00-sources.md added	repository-supported/navigation-update	madax-ereyo/06-d pattern	maintainer	applied-awaiting-cleanup-review
2026-08-19	resources/madax-ereyo/07-r.md	WLR07-R002	78;219;276	raadraacid.; rabshad,; duplicate rabsho orphans	rows removed	repository-supported/cross-collection/structural-only	QAR07-R003 QAR07-R004 QAR07-R005	maintainer	applied-awaiting-cleanup-review
2026-08-19	resources/qaamuus/08-s.md	QAS08-R001	1-3	no collection note	Somali registry link to 00-sources.md added	repository-supported/navigation-update	07-r letter-pair pattern	maintainer	applied-awaiting-cleanup-review
2026-08-19	resources/qaamuus/08-s.md	QAS08-R003	41	saacad and saacaddiya merged on one line	two separate list entries	repository-supported/structural-only	wordlist parity	maintainer	applied-awaiting-cleanup-review
2026-08-19	resources/qaamuus/08-s.md	QAS08-R004	70-71	saafi example split across false head	merged into single saafi entry	repository-supported/structural-only	wordlist duplicate saafi removed	maintainer	applied-awaiting-cleanup-review
2026-08-19	resources/qaamuus/08-s.md	QAS08-R005	428	saf² and safaana merged on one line	two separate list entries	repository-supported/structural-only	wordlist parity	maintainer	applied-awaiting-cleanup-review
2026-08-19	resources/madax-ereyo/08-s.md	WLS08-R002	1-3	no derivation note	Somali registry link to 00-sources.md added	repository-supported/navigation-update	madax-ereyo/07-r pattern	maintainer	applied-awaiting-cleanup-review
2026-08-19	resources/madax-ereyo/08-s.md	WLS08-R003	42;71;429	saacaddiya safaana missing; duplicate saafi	saacaddiya safaana inserted; duplicate saafi removed	repository-supported/cross-collection/structural-only	QAS08-R003 QAS08-R004 QAS08-R005	maintainer	applied-awaiting-cleanup-review
2026-08-19	resources/qaamuus/09-sh.md	QASH09-R001	1-3	no collection note	Somali registry link to 00-sources.md added	repository-supported/navigation-update	08-s letter-pair pattern	maintainer	applied-awaiting-cleanup-review
2026-08-19	resources/qaamuus/09-sh.md	QASH09-R003	5	shaabbadayn ld truncated at sha	completed ld shaabbayn; terminal periods on ld-only entries	repository-supported/form-correction	shabbayn ld shaabbadayn at line 144	maintainer	applied-awaiting-cleanup-review
2026-08-19	resources/madax-ereyo/09-sh.md	WLSH09-R001	1-3	no derivation note	Somali registry link to 00-sources.md added	repository-supported/navigation-update	madax-ereyo/08-s pattern	maintainer	applied-awaiting-cleanup-review
2026-08-19	resources/qaamuus/10-dh.md	QADH10-R001	1-3	no collection note	Somali registry link to 00-sources.md added	repository-supported/navigation-update	09-sh letter-pair pattern	maintainer	applied-awaiting-cleanup-review
2026-08-19	resources/qaamuus/10-dh.md	QADH10-R002	25;414;420;423;527;655;2061	truncated ld lists and egg typo	completed ld targets; eeg typo fixed	repository-supported/form-correction	dhandhemis dhandhansasho dheg-kafaarsanaansho dhilqasho cluster	maintainer	applied-awaiting-cleanup-review
2026-08-19	resources/qaamuus/10-dh.md	QADH10-R003	441;495;737;767;1372;1954;1962;2544;2627	nine merged inline entries split to separate list rows	dhadid dhagaxyeyn dhammaajo dhamoojo dheegasho dhiigsonkor dhiigyacabad dhunxis dhuujis	repository-supported/structural-only	wordlist parity verified 2735 entries	maintainer	applied-awaiting-cleanup-review
2026-08-19	resources/madax-ereyo/10-dh.md	WLDH10-R001	1-3	no derivation note	Somali registry link to 00-sources.md added	repository-supported/navigation-update	madax-ereyo/09-sh pattern	maintainer	applied-awaiting-cleanup-review
2026-08-19	resources/madax-ereyo/10-dh.md	WLDH10-R002	442;496;738;768;1373;1955;1963;2545;2628	nine split heads missing from wordlist	inserted dhadid dhagaxyeyn dhammaajo dhamoojo dheegasho dhiigsonkor dhiigyacabad dhunxis dhuujis	repository-supported/cross-collection/structural-only	QADH10-R003	maintainer	applied-awaiting-cleanup-review
2026-08-19	resources/qaamuus/11-c.md	QAC11-R001	1-3	no collection note	Somali registry link to 00-sources.md added	repository-supported/navigation-update	10-dh letter-pair pattern	maintainer	applied-awaiting-cleanup-review
2026-08-19	resources/qaamuus/11-c.md	QAC11-R003	31;281;287;595;982;1395;1841;1856;1927;1936;1997;2536	twelve inline merged entries split	caacin caawa caawinaad cagaggubyo cammoole carruuree ceeqo celcelis ciddijiidid ciddiyagaduudshe ciidee cufaysmid	repository-supported/structural-only	wordlist parity 2840 entries	maintainer	applied-awaiting-cleanup-review
2026-08-19	resources/qaamuus/11-c.md	QAC11-R004	133-134;918-919;1678-1679;1160	caalsaaree camalsamaan cawl² carabi² OCR splits	merged false heads; completed truncated definitions	repository-supported/structural-only	same-file entry clusters	maintainer	applied-awaiting-cleanup-review
2026-08-19	resources/qaamuus/11-c.md	QAC11-R005	690;747;2234;2364;2601;2725;+6lines	truncated ld lists and missing periods	ld targets completed; carabiyee duplicate ld removed	repository-supported/form-correction	calaamad calannaq cirbadhiib citiqaad clusters	maintainer	applied-awaiting-cleanup-review
2026-08-19	resources/madax-ereyo/11-c.md	WLC11-R001	1-3	no derivation note	Somali registry link to 00-sources.md added	repository-supported/navigation-update	madax-ereyo/10-dh pattern	maintainer	applied-awaiting-cleanup-review
2026-08-19	resources/madax-ereyo/11-c.md	WLC11-R002	32;282;288;596;983;1396;+orphans	twelve split heads missing; caalsaar². camalsamaansho, cawlo. orphans	inserted twelve heads; removed three orphans	repository-supported/cross-collection/structural-only	QAC11-R003 QAC11-R004	maintainer	applied-awaiting-cleanup-review
2026-08-19	resources/qaamuus/12-g.md	QAG12-R003	1-3	no collection note	Somali registry link to 00-sources.md added	repository-supported/navigation-update	11-c letter-pair pattern	maintainer	applied-awaiting-cleanup-review
2026-08-19	resources/qaamuus/12-g.md	QAG12-R004	913-914	gamuuxnaansho merged with gannad¹ head	separated gamuuxnaansho entry; ld gamuuxnaansho completed	repository-supported/structural-only	gannad¹ entry at 973 unchanged	maintainer	applied-awaiting-cleanup-review
2026-08-19	resources/qaamuus/12-g.md	QAG12-R005	296;465;480;590;913;1473;1488-1491;1827-1829;2102-2103	truncated ld lists and missing periods	completed ld targets; punctuation normalized	repository-supported/form-correction	gadoodid gawrac gersur gododootan clusters	maintainer	applied-awaiting-cleanup-review
2026-08-19	resources/qaamuus/12-g.md	QAG12-R006	1828	gersurid cross-ref gersur 2	eeg gersur²	repository-supported/form-correction	same-file gersur² entry	maintainer	applied-awaiting-cleanup-review
2026-08-19	resources/madax-ereyo/12-g.md	WLG12-R002	1-3	no derivation note	Somali registry link to 00-sources.md added	repository-supported/navigation-update	madax-ereyo/11-c pattern	maintainer	applied-awaiting-cleanup-review
2026-08-19	resources/qaamuus/13-f.md	QAF13-R001	1-3	no collection note	Somali registry link to 00-sources.md added	repository-supported/navigation-update	12-g letter-pair pattern	maintainer	applied-awaiting-cleanup-review
2026-08-19	resources/qaamuus/13-f.md	QAF13-R003	197-198;313;2038;2040-2041	faataadhuglee split; fagis fur¹ furaad merged inline	five separate list entries	repository-supported/structural-only	wordlist parity 2192 entries	maintainer	applied-awaiting-cleanup-review
2026-08-19	resources/qaamuus/13-f.md	QAF13-R004	737;835;912;1203;1275;1392;1789	truncated ld lists and missing periods	ld targets completed; fiidgoosasho typo fixed	repository-supported/form-correction	faraj faraxal farkannax fekersanaan clusters	maintainer	applied-awaiting-cleanup-review
2026-08-19	resources/madax-ereyo/13-f.md	WLF13-R001	1-3	no derivation note	Somali registry link to 00-sources.md added	repository-supported/navigation-update	madax-ereyo/12-g pattern	maintainer	applied-awaiting-cleanup-review
2026-08-19	resources/madax-ereyo/13-f.md	WLF13-R002	198;314;2039-2041	Faataadhugle orphan; fagis fur¹ furaad missing	inserted three heads; removed Faataadhugle orphan	repository-supported/cross-collection/structural-only	QAF13-R003	maintainer	applied-awaiting-cleanup-review
2026-08-19	resources/qaamuus/14-q.md	QAQ14-R002	1-3	no derivation note	Somali registry link to 00-sources.md added	repository-supported/navigation-update	qaamuus/13-f pattern	maintainer	applied-awaiting-cleanup-review
2026-08-19	resources/qaamuus/14-q.md	QAQ14-R003	146-147;168-169;175-176;189-190;373-374;945-946;1346-1347;1823-1824;2061-2062;191;195;293;861;947;1043;1278;1391;1504;2410	OCR splits and inline merged heads	entries reunited; false heads removed	repository-supported/structural-only	wordlist parity 2578 entries	maintainer	applied-awaiting-cleanup-review
2026-08-19	resources/qaamuus/14-q.md	QAQ14-R004	191;994;1152;1156	truncated ld lists; page-number debris; missing periods	ld targets completed; qaraabid cleaned	repository-supported/form-correction	qarqaryeysnaansho inistinkt cluster	maintainer	applied-awaiting-cleanup-review
2026-08-19	resources/qaamuus/14-q.md	QAQ14-R005	2114;2183	qorshe qoys split bold; qoyn ld qoo.qufraan	compound head qorshe qoys; qoyn ld qoo.	repository-supported/form-correction	qorshayn qorshe (2) cross-ref	maintainer	applied-awaiting-cleanup-review
2026-08-19	resources/madax-ereyo/14-q.md	WLQ14-R001	1-3	no derivation note	Somali registry link to 00-sources.md added	repository-supported/navigation-update	madax-ereyo/13-f pattern	maintainer	applied-awaiting-cleanup-review
2026-08-19	resources/madax-ereyo/14-q.md	WLQ14-R002	147;169;176;189;372;947;1345;1822;2060	nine orphan heads from qaamuus OCR splits	rows removed	repository-supported/cross-collection/structural-only	QAQ14-R003	maintainer	applied-awaiting-cleanup-review
2026-08-19	resources/madax-ereyo/14-q.md	WLQ14-R003	2114-2115	duplicate qorshe; missing qorshe qoys	qorshe qoys inserted; duplicate removed	repository-supported/cross-collection/form-correction	QAQ14-R005	maintainer	applied-awaiting-cleanup-review
2026-08-19	resources/qaamuus/15-k.md	QAK15-R002	1-3	no collection note	Somali registry link to 00-sources.md added	repository-supported/navigation-update	qaamuus/13-f pattern	maintainer	applied-awaiting-cleanup-review
2026-08-19	resources/qaamuus/15-k.md	QAK15-R003	various	OCR splits inline merges page debris compound heads	entries reunited; false heads removed	repository-supported/structural-only	wordlist parity 1840 entries	maintainer	applied-awaiting-cleanup-review
2026-08-19	resources/madax-ereyo/15-k.md	WLK15-R001	1-3	no derivation note	Somali registry link to 00-sources.md added	repository-supported/navigation-update	madax-ereyo/13-f pattern	maintainer	applied-awaiting-cleanup-review
2026-08-19	resources/madax-ereyo/15-k.md	WLK15-R002	various	orphan heads from qaamuus OCR splits	wordlist synced from cleaned qaamuus heads	repository-supported/cross-collection/structural-only	QAK15-R003	maintainer	applied-awaiting-cleanup-review
2026-08-19	resources/qaamuus/16-l.md	QAL16-R002	1-3	no collection note	Somali registry link to 00-sources.md added	repository-supported/navigation-update	qaamuus/13-f pattern	maintainer	applied-awaiting-cleanup-review
2026-08-19	resources/qaamuus/16-l.md	QAL16-R003	various	OCR splits inline merges page debris compound heads	entries reunited; false heads removed	repository-supported/structural-only	wordlist parity 1354 entries	maintainer	applied-awaiting-cleanup-review
2026-08-19	resources/madax-ereyo/16-l.md	WLL16-R001	1-3	no derivation note	Somali registry link to 00-sources.md added	repository-supported/navigation-update	madax-ereyo/13-f pattern	maintainer	applied-awaiting-cleanup-review
2026-08-19	resources/madax-ereyo/16-l.md	WLL16-R002	various	orphan heads from qaamuus OCR splits	wordlist synced from cleaned qaamuus heads	repository-supported/cross-collection/structural-only	QAL16-R003	maintainer	applied-awaiting-cleanup-review
2026-08-19	resources/qaamuus/17-m.md	QAM17-R002	1-3	no collection note	Somali registry link to 00-sources.md added	repository-supported/navigation-update	qaamuus/13-f pattern	maintainer	applied-awaiting-cleanup-review
2026-08-19	resources/qaamuus/17-m.md	QAM17-R003	various	OCR splits inline merges page debris compound heads	entries reunited; false heads removed	repository-supported/structural-only	wordlist parity 3911 entries	maintainer	applied-awaiting-cleanup-review
2026-08-19	resources/madax-ereyo/17-m.md	WLM17-R001	1-3	no derivation note	Somali registry link to 00-sources.md added	repository-supported/navigation-update	madax-ereyo/13-f pattern	maintainer	applied-awaiting-cleanup-review
2026-08-19	resources/madax-ereyo/17-m.md	WLM17-R002	various	orphan heads from qaamuus OCR splits	wordlist synced from cleaned qaamuus heads	repository-supported/cross-collection/structural-only	QAM17-R003	maintainer	applied-awaiting-cleanup-review
2026-08-19	resources/qaamuus/18-n.md	QAN18-R002	1-3	no collection note	Somali registry link to 00-sources.md added	repository-supported/navigation-update	qaamuus/13-f pattern	maintainer	applied-awaiting-cleanup-review
2026-08-19	resources/qaamuus/18-n.md	QAN18-R003	various	OCR splits inline merges page debris compound heads	entries reunited; false heads removed	repository-supported/structural-only	wordlist parity 1043 entries	maintainer	applied-awaiting-cleanup-review
2026-08-19	resources/madax-ereyo/18-n.md	WLN18-R001	1-3	no derivation note	Somali registry link to 00-sources.md added	repository-supported/navigation-update	madax-ereyo/13-f pattern	maintainer	applied-awaiting-cleanup-review
2026-08-19	resources/madax-ereyo/18-n.md	WLN18-R002	various	orphan heads from qaamuus OCR splits	wordlist synced from cleaned qaamuus heads	repository-supported/cross-collection/structural-only	QAN18-R003	maintainer	applied-awaiting-cleanup-review
2026-08-19	resources/qaamuus/19-w.md	QAW19-R002	1-3	no collection note	Somali registry link to 00-sources.md added	repository-supported/navigation-update	qaamuus/13-f pattern	maintainer	applied-awaiting-cleanup-review
2026-08-19	resources/qaamuus/19-w.md	QAW19-R003	various	OCR splits inline merges page debris compound heads	entries reunited; false heads removed	repository-supported/structural-only	wordlist parity 1172 entries	maintainer	applied-awaiting-cleanup-review
2026-08-19	resources/madax-ereyo/19-w.md	WLW19-R001	1-3	no derivation note	Somali registry link to 00-sources.md added	repository-supported/navigation-update	madax-ereyo/13-f pattern	maintainer	applied-awaiting-cleanup-review
2026-08-19	resources/madax-ereyo/19-w.md	WLW19-R002	various	orphan heads from qaamuus OCR splits	wordlist synced from cleaned qaamuus heads	repository-supported/cross-collection/structural-only	QAW19-R003	maintainer	applied-awaiting-cleanup-review
2026-08-19	resources/qaamuus/20-h.md	QAH20-R002	1-3	no collection note	Somali registry link to 00-sources.md added	repository-supported/navigation-update	qaamuus/13-f pattern	maintainer	applied-awaiting-cleanup-review
2026-08-19	resources/qaamuus/20-h.md	QAH20-R003	various	OCR splits inline merges page debris compound heads	entries reunited; false heads removed	repository-supported/structural-only	wordlist parity 2777 entries	maintainer	applied-awaiting-cleanup-review
2026-08-19	resources/madax-ereyo/20-h.md	WLH20-R001	1-3	no derivation note	Somali registry link to 00-sources.md added	repository-supported/navigation-update	madax-ereyo/13-f pattern	maintainer	applied-awaiting-cleanup-review
2026-08-19	resources/madax-ereyo/20-h.md	WLH20-R002	various	orphan heads from qaamuus OCR splits	wordlist synced from cleaned qaamuus heads	repository-supported/cross-collection/structural-only	QAH20-R003	maintainer	applied-awaiting-cleanup-review
2026-08-19	resources/qaamuus/21-y.md	QAY21-R002	1-3	no collection note	Somali registry link to 00-sources.md added	repository-supported/navigation-update	qaamuus/13-f pattern	maintainer	applied-awaiting-cleanup-review
2026-08-19	resources/qaamuus/21-y.md	QAY21-R003	various	OCR splits inline merges page debris compound heads	entries reunited; false heads removed	repository-supported/structural-only	wordlist parity 342 entries	maintainer	applied-awaiting-cleanup-review
2026-08-19	resources/madax-ereyo/21-y.md	WLY21-R001	1-3	no derivation note	Somali registry link to 00-sources.md added	repository-supported/navigation-update	madax-ereyo/13-f pattern	maintainer	applied-awaiting-cleanup-review
2026-08-19	resources/madax-ereyo/21-y.md	WLY21-R002	various	orphan heads from qaamuus OCR splits	wordlist synced from cleaned qaamuus heads	repository-supported/cross-collection/structural-only	QAY21-R003	maintainer	applied-awaiting-cleanup-review
2026-08-19	resources/qaamuus/22-a.md	QAA22-R002	1-3	no collection note	Somali registry link to 00-sources.md added	repository-supported/navigation-update	qaamuus/13-f pattern	maintainer	applied-awaiting-cleanup-review
2026-08-19	resources/qaamuus/22-a.md	QAA22-R003	various	OCR splits inline merges page debris compound heads	entries reunited; false heads removed	repository-supported/structural-only	wordlist parity 2208 entries	maintainer	applied-awaiting-cleanup-review
2026-08-19	resources/madax-ereyo/22-a.md	WLA22-R001	1-3	no derivation note	Somali registry link to 00-sources.md added	repository-supported/navigation-update	madax-ereyo/13-f pattern	maintainer	applied-awaiting-cleanup-review
2026-08-19	resources/madax-ereyo/22-a.md	WLA22-R002	various	orphan heads from qaamuus OCR splits	wordlist synced from cleaned qaamuus heads	repository-supported/cross-collection/structural-only	QAA22-R003	maintainer	applied-awaiting-cleanup-review
2026-08-19	resources/qaamuus/23-e.md	QAE23-R002	1-3	no collection note	Somali registry link to 00-sources.md added	repository-supported/navigation-update	qaamuus/13-f pattern	maintainer	applied-awaiting-cleanup-review
2026-08-19	resources/qaamuus/23-e.md	QAE23-R003	various	OCR splits inline merges page debris compound heads	entries reunited; false heads removed	repository-supported/structural-only	wordlist parity 263 entries	maintainer	applied-awaiting-cleanup-review
2026-08-19	resources/madax-ereyo/23-e.md	WLE23-R001	1-3	no derivation note	Somali registry link to 00-sources.md added	repository-supported/navigation-update	madax-ereyo/13-f pattern	maintainer	applied-awaiting-cleanup-review
2026-08-19	resources/madax-ereyo/23-e.md	WLE23-R002	various	orphan heads from qaamuus OCR splits	wordlist synced from cleaned qaamuus heads	repository-supported/cross-collection/structural-only	QAE23-R003	maintainer	applied-awaiting-cleanup-review
2026-08-19	resources/qaamuus/24-i.md	QAI24-R002	1-3	no collection note	Somali registry link to 00-sources.md added	repository-supported/navigation-update	qaamuus/13-f pattern	maintainer	applied-awaiting-cleanup-review
2026-08-19	resources/qaamuus/24-i.md	QAI24-R003	various	OCR splits inline merges page debris compound heads	entries reunited; false heads removed	repository-supported/structural-only	wordlist parity 1252 entries	maintainer	applied-awaiting-cleanup-review
2026-08-19	resources/madax-ereyo/24-i.md	WLI24-R001	1-3	no derivation note	Somali registry link to 00-sources.md added	repository-supported/navigation-update	madax-ereyo/13-f pattern	maintainer	applied-awaiting-cleanup-review
2026-08-19	resources/madax-ereyo/24-i.md	WLI24-R002	various	orphan heads from qaamuus OCR splits	wordlist synced from cleaned qaamuus heads	repository-supported/cross-collection/structural-only	QAI24-R003	maintainer	applied-awaiting-cleanup-review
2026-08-19	resources/qaamuus/25-o.md	QAO25-R002	1-3	no collection note	Somali registry link to 00-sources.md added	repository-supported/navigation-update	qaamuus/13-f pattern	maintainer	applied-awaiting-cleanup-review
2026-08-19	resources/qaamuus/25-o.md	QAO25-R003	various	OCR splits inline merges page debris compound heads	entries reunited; false heads removed	repository-supported/structural-only	wordlist parity 289 entries	maintainer	applied-awaiting-cleanup-review
2026-08-19	resources/madax-ereyo/25-o.md	WLO25-R001	1-3	no derivation note	Somali registry link to 00-sources.md added	repository-supported/navigation-update	madax-ereyo/13-f pattern	maintainer	applied-awaiting-cleanup-review
2026-08-19	resources/madax-ereyo/25-o.md	WLO25-R002	various	orphan heads from qaamuus OCR splits	wordlist synced from cleaned qaamuus heads	repository-supported/cross-collection/structural-only	QAO25-R003	maintainer	applied-awaiting-cleanup-review
2026-08-19	resources/qaamuus/26-u.md	QAU26-R002	1-3	no collection note	Somali registry link to 00-sources.md added	repository-supported/navigation-update	qaamuus/13-f pattern	maintainer	applied-awaiting-cleanup-review
2026-08-19	resources/qaamuus/26-u.md	QAU26-R003	various	OCR splits inline merges page debris compound heads	entries reunited; false heads removed	repository-supported/structural-only	wordlist parity 427 entries	maintainer	applied-awaiting-cleanup-review
2026-08-19	resources/madax-ereyo/26-u.md	WLU26-R001	1-3	no derivation note	Somali registry link to 00-sources.md added	repository-supported/navigation-update	madax-ereyo/13-f pattern	maintainer	applied-awaiting-cleanup-review
2026-08-19	resources/madax-ereyo/26-u.md	WLU26-R002	various	orphan heads from qaamuus OCR splits	wordlist synced from cleaned qaamuus heads	repository-supported/cross-collection/structural-only	QAU26-R003	maintainer	applied-awaiting-cleanup-review
2026-08-19	resources/qaamuus/27-aa.md	QAA27-R001	1-3	no collection note	Somali registry link to 00-sources.md added	repository-supported/navigation-update	qaamuus/13-f pattern	maintainer	applied-awaiting-cleanup-review
2026-08-19	resources/qaamuus/27-aa.md	QAA27-R002	various	inline merge or compound head fix	applied per audit findings	repository-supported/structural-only	same-file audit record	maintainer	applied-awaiting-cleanup-review
2026-08-19	resources/qaamuus/28-ee.md	QAE28-R001	1-3	no collection note	Somali registry link to 00-sources.md added	repository-supported/navigation-update	qaamuus/13-f pattern	maintainer	applied-awaiting-cleanup-review
2026-08-19	resources/qaamuus/29-ii.md	QAI29-R001	1-3	no collection note	Somali registry link to 00-sources.md added	repository-supported/navigation-update	qaamuus/13-f pattern	maintainer	applied-awaiting-cleanup-review
2026-08-19	resources/qaamuus/30-oo.md	QAO30-R001	1-3	no collection note	Somali registry link to 00-sources.md added	repository-supported/navigation-update	qaamuus/13-f pattern	maintainer	applied-awaiting-cleanup-review
2026-08-19	resources/qaamuus/31-uu.md	QAU31-R001	1-3	no collection note	Somali registry link to 00-sources.md added	repository-supported/navigation-update	qaamuus/13-f pattern	maintainer	applied-awaiting-cleanup-review
2026-08-19	resources/qaamuus/31-uu.md	QAU31-R002	various	inline merge or compound head fix	applied per audit findings	repository-supported/structural-only	same-file audit record	maintainer	applied-awaiting-cleanup-review
2026-08-19	resources/madax-ereyo/00-sources.md	WL00S-R002	14-19	stale 42542 count and 31 orphan heads	47502 heads; qaamuus parity verified	repository-supported/status-correction	post-cleanup recount	maintainer	applied-awaiting-cleanup-review
2026-08-19	resources/madax-ereyo/00-sources.md	WL00S-R003	1-37	no links; silent audit status	linked derivation file map and file-review folder	repository-supported/navigation-update	madax-ereyo/qaamuus registry pattern	maintainer	applied-awaiting-cleanup-review
2026-08-19	resources/madax-ereyo/README.md	WLRD-R002	1-57	stale audit block and inert layout fence	linked table and current status section	repository-supported/navigation-update	phonology README pattern	maintainer	applied-awaiting-cleanup-review
2026-08-19	resources/suugaan/00-sources.md	SG00S-R002	6-58	inert file paths in five tables	all file cells linked locally	repository-supported/navigation-update	erey-bixin 00-sources pattern	maintainer	applied-awaiting-cleanup-review
2026-08-19	resources/suugaan/00-sources.md	SG00S-R003	60-68	no cleanup-audit status	added 04-11 cleaned; 01-03 and 12-24 unaudited	repository-supported/status-correction	suugaan file-reviews	maintainer	applied-awaiting-cleanup-review
2026-08-19	resources/suugaan/README.md	SGRD-R002	12-48	inert layout fence	linked layout table covering all content files	repository-supported/navigation-update	phonology README pattern	maintainer	applied-awaiting-cleanup-review
2026-08-19	resources/qaamuus/00-sources.md	QA00S-R004	24-35	stale 48138 count; letter files marked unaudited	48119 count; letter files marked cleanup-applied	repository-supported/status-correction	post-cleanup recount	maintainer	applied-awaiting-cleanup-review
2026-08-19	resources/qaamuus/README.md	QARD-R004	48-54	letter files marked unaudited	current status updated after letter-file cleanup	repository-supported/status-correction	qaamuus 01-b-31-uu cleanup	maintainer	applied-awaiting-cleanup-review
2026-08-19	resources/suugaan/02-murtida.md	SUU02-R002	90	daf ka slin	daf ka silin	repository-supported/OCR	whole-file glossary audit	maintainer	applied-awaiting-cleanup-review
2026-08-19	resources/suugaan/02-murtida.md	SUU02-R003	102	Soqjna	Soofna	repository-supported/OCR	whole-file glossary audit	maintainer	applied-awaiting-cleanup-review
2026-08-19	resources/suugaan/03-xikmad-soomaali.md	SUU03-R002	various	mechanical OCR (dyul/waha/wah/miidkii/Wuhuu/dyndum/apostrophe debris)	scan-supported mechanical substitutions	applied per audit findings	same-file audit record	maintainer	applied-awaiting-cleanup-review
2026-08-19	resources/suugaan/01-maahmaahyada.md	SUU01-R002,SUU01-R003,SUU01-R004,SUU01-R005,SUU01-R006	various	Kapchits citation debris, column collisions, wrap splits, OCR junk	phase-1 mechanical cleanup	repository-supported/structural-only	Kapchits PDF OCR in temp/	maintainer	applied-awaiting-cleanup-review
2026-08-19	resources/suugaan/12-bisaddii-bubaysta.md	SUU12-R003,SUU12-R004	various	00→oo, Maagaalo→Magaalo, isolated OCR junk lines	phase-1 mechanical cleanup	repository-supported/mechanical-only	Bisaddii Bubaysta.pdf in temp/	maintainer	applied-awaiting-cleanup-review
2026-08-19	resources/suugaan/12-bisaddii-bubaysta.md	SUU12-R002	whole file	3693-line corrupted OCR → 734-line PDF transcription (p-03–p-123)	phase-2 page-image transcription from temp/soomaali/literature/Bisaddii Bubaysta.pdf	repository-supported/substantive	Bisaddii Bubaysta.pdf in temp/	maintainer	applied-awaiting-cleanup-review
2026-08-19	resources/suugaan/13-xeebtii-dahabka.md	SUU13-R002	various	unreadable column-merge OCR	full PDF page transcription (p-03–p-30)	source-guided/PDF phase-2	Xeebtii Dahabka PDF in temp/	maintainer	applied-awaiting-cleanup-review
2026-08-19	resources/suugaan/14-hal-karaan-hadrawi.md	SUU14-R002	whole file	9119-line corrupted OCR → 16334-line PDF transcription (pp. 7–246)	phase-2 page-image transcription from Hal-Karaan PDF (8 batches)	source-guided/PDF phase-2	Hal-Karaan PDF in temp/	maintainer	applied-awaiting-cleanup-review
2026-08-19	resources/suugaan/15-dugsiga-fasalka-1aad-1976.md	SUU15-R002	whole file	4107-line corrupted OCR → 1747-line PDF transcription (pp. 1–100)	phase-2 page-image transcription from Suugaan 1976 PDF (4 batches)	source-guided/PDF phase-2	Suugaan Fasalka Kowaad 1976 PDF in temp/	maintainer	applied-awaiting-cleanup-review
2026-08-19	resources/suugaan/16-dugsiga-fasalka-1aad-1983.md	SUU16-R002	whole file	3280-line corrupted OCR → 1719-line PDF transcription (pp. 1–71)	phase-2 page-image transcription from Suugaan 1983 PDF (3 batches)	source-guided/PDF phase-2	Suugaan Fasalka Kowaad 1983 PDF in temp/	maintainer	applied-awaiting-cleanup-review
2026-08-19	resources/suugaan/17-dugsiga-fasalka-4aad.md	SUU17-R002	whole file	2417-line corrupted OCR → 1444-line PDF transcription (pp. 1–73)	phase-2 page-image transcription from Suugaanta Fasalka Afraad PDF (3 batches)	source-guided/PDF phase-2	Sugaanta Fasalka Afraad 4 PDF in temp/	maintainer	applied-awaiting-cleanup-review
2026-08-19	resources/suugaan/18-dugsiga-fasalka-4aad-buugga.md	SUU18-R002	whole file	2367-line corrupted OCR → 2087-line PDF transcription (pp. 1–65)	phase-2 page-image transcription from Buugga Suugaanta Fasalka Afraad PDF (3 batches)	source-guided/PDF phase-2	Buugga Suugaanta Fasalka Afraad PDF in temp/	maintainer	applied-awaiting-cleanup-review
2026-08-19	resources/suugaan/21-suugaanta-dhallaanka.md	SUU21-R002,SUU21-R003,SUU21-R004	whole file	993-line corrupted OCR → 1200-line PDF transcription (pp. 1–94)	phase-2 page-image transcription from Suugaanta dhallaanka PDF (3 batches)	source-guided/PDF phase-2	Suugaanta dhallaanka PDF in temp/	maintainer	applied-awaiting-cleanup-review
2026-08-19	resources/suugaan/22-suugaanta-soomaaliyeed.md	SUU22-R002,SUU22-R004,SUU22-R005,SUU22-R006	various	bio truncation, residual OCR tokens, dateline (Muqdisho→Xamar) mismatches	PDF-guided cleanup from 48-page scan	source-guided/PDF phase-2	Suugaanta Soomaaliyeed PDF in temp/	maintainer	applied-awaiting-cleanup-review
2026-08-22	resources/qaamuus/06-d.md	QAD06-R006	2056	raxan<STX>raxan	raxanraxan	encoding-repair/context-preserving	control byte occurred inside one reduplicated word	maintainer	applied-awaiting-cleanup-review
2026-08-22	resources/qaamuus/13-f.md	QAF13-R007	1871	foolwa<STX>naagsanaan	foolwanaagsanaan	encoding-repair/repository-supported	adjacent foolwanaagsanaan headword	maintainer	applied-awaiting-cleanup-review
2026-08-22	resources/qaamuus/17-m.md	QAM17-R006	2280	2<DC4>r	2πr	encoding-repair/mathematical-notation	circumference definition names r as the radius	maintainer	applied-awaiting-cleanup-review
2026-08-22	resources/qaamuus/22-a.md	QAA22-R006	1598	(x<STX>a) (two occurrences)	(x-a)	encoding-repair/same-entry-exact	same entry later prints (x-1) as the factor form	maintainer	applied-awaiting-cleanup-review
2026-08-22	resources/qaamuus/24-i.md	QAI24-R005	987-988	Iskudhu<STX>fashada; Iskudhufa<STX>shada	Iskudhufashada; Iskudhufashada	encoding-repair/headword-supported	adjacent iskudhufasho headwords	maintainer	applied-awaiting-cleanup-review
2026-08-22	resources/suugaan/11-hubsiimo-laan.md	SUU11-R002-R012	whole file	failed 1321-line rebuild retained cross-page fragments and severe OCR debris	second 1081-line reconstruction restores printed-page order dedication Hordhac ten divisions and Hammar; residual character-level review remains	in-progress/source-guided-transcription/structural-repair	Hubsiimo La'aan PDF printed pages 1-102 and individually cropped page images	maintainer	cleanup-reopened-awaiting-page-review
2026-08-22	resources/suugaan/11-hubsiimo-laan.md	SUU11-R004	Qaybta Labaad; printed pages 4-20	OCR-derived Part Two retained substitutions damaged joins and uncertain page transitions	seventeen page images compared line by line and Part Two retranscribed as a continuous source-guided division	source-guided/transcription-correction/structural-repair	Hubsiimo La'aan PDF printed pages 4-20 and individually cropped page images	maintainer	cleanup-reopened-awaiting-page-review
2026-08-22	resources/suugaan/11-hubsiimo-laan.md	SUU11-R005	Qaybtii Saddexaad; printed pages 21-29	Part Three contained missing phrases fused words false capitalization broken dialogue and OCR substitutions	nine page images compared line by line and the Saudi visit marriage discussion Saadiq-Faatma meeting and Asli confrontation restored continuously	source-guided/transcription-correction/structural-repair	Hubsiimo La'aan PDF printed pages 21-29 and individually cropped page images	maintainer	cleanup-reopened-awaiting-page-review
2026-08-22	resources/suugaan/11-hubsiimo-laan.md	SUU11-R006	Qaybtii Afraad; printed pages 30-41 plus continuation above the heading on page 42	Part Four contained substitutions broken dialogue missing joins and an incomplete envelope ending	twelve page images and the page-42 continuation compared line by line; meeting cinema drive shopping hotel and complete 200000 sh. so. envelope sequence restored	source-guided/transcription-correction/structural-repair	Hubsiimo La'aan PDF printed pages 30-42 and individually cropped page images	maintainer	cleanup-reopened-awaiting-page-review
2026-08-22	resources/suugaan/11-hubsiimo-laan.md	SUU11-R007	Qaybta Shanaad; printed pages 42-50 plus continuation above the heading on page 51	Part Five contained substitutions damaged joins broken dialogue and an incomplete telephone-message boundary	nine page images and the page-51 continuation compared line by line; return household conflict diary search Cali Waraabe meeting and complete disguised telephone call restored	source-guided/transcription-correction/structural-repair	Hubsiimo La'aan PDF printed pages 42-51 and individually cropped page images	maintainer	cleanup-reopened-awaiting-page-review
2026-08-22	resources/suugaan/11-hubsiimo-laan.md	SUU11-R008	Qaybta Lixaad; printed pages 51-63	Part Six contained cross-page fragments substitutions missing lines false capitalization broken dialogue and damaged police-station testimony	thirteen page images compared line by line; Cali Waraabe background entrapment arrest detention interrogation and false-witness finding restored continuously	source-guided/transcription-correction/structural-repair	Hubsiimo La'aan PDF printed pages 51-63 and individually cropped page images	maintainer	cleanup-reopened-awaiting-page-review
2026-08-23	resources/suugaan/11-hubsiimo-laan.md	SUU11-R009	Qaybtii Toddobaad; printed pages 64-72 plus continuation above the heading on page 73	Part Seven contained OCR substitutions broken dialogue missing joins and an incomplete Linea-Bus boundary	ten page images compared line by line; intervention police interviews false accusation release work assignment representation and shipping-loss sequence restored continuously	source-guided/transcription-correction/structural-repair	Hubsiimo La'aan PDF printed pages 64-73 and individually cropped page images	maintainer	applied-awaiting-cleanup-review
2026-08-23	resources/suugaan/11-hubsiimo-laan.md	SUU11-R010	Qaybta Sideedaad (8); printed pages 73-80	Part Eight retained pervasive substitutions false capitalization broken word joins and damaged dialogue	eight page images compared line by line; Jidda telephone journey marriage negotiation gift Cali arrival and nikax preparation sequence restored continuously	source-guided/transcription-correction/structural-repair	Hubsiimo La'aan PDF printed pages 73-80 and individually cropped page images	maintainer	applied-awaiting-cleanup-review
2026-08-23	resources/suugaan/11-hubsiimo-laan.md	SUU11-R011	Qaybtii Sagaalaad; printed pages 81-93 plus continuation above the heading on page 94	Part Nine retained severe OCR substitutions cross-line damage broken dialogue and an incomplete final response	fourteen page images compared line by line; return competing nikax existing nikax paper household confrontations and final Saadiq-Faatma meeting restored continuously	source-guided/transcription-correction/structural-repair	Hubsiimo La'aan PDF printed pages 81-94 and individually cropped page images	maintainer	applied-awaiting-cleanup-review
2026-08-23	resources/suugaan/11-hubsiimo-laan.md	SUU11-R012	Qaybta Tobnaad; printed pages 94-102	Part Ten and the ending retained severe OCR corruption missing joins false capitalization damaged illness and treatment narrative and broken closing dialogue	nine page images compared line by line; celebration illness treatment appeal Saadiq response death report final words and Dhammaad restored continuously	source-guided/transcription-correction/structural-repair	Hubsiimo La'aan PDF printed pages 94-102 and individually cropped page images	maintainer	applied-awaiting-cleanup-review
2026-08-23	resources/suugaan/11-hubsiimo-laan.md	SUU11-R014	printed page 102 decorative ending	earlier audit and cleanup records misread the boxed source word as Hammar	direct page-image inspection establishes DHAMMAAD; reader-facing ending and audit corrected to Dhammaad	source-exact/transcription-correction	Hubsiimo La'aan PDF printed page 102 and individual page image	maintainer	applied-awaiting-cleanup-review
2026-08-23	resources/suugaan/11-hubsiimo-laan.md	SUU11-R002-R012	whole file	second reconstruction still required direct character-level review of Parts Two through Ten	all printed narrative pages 1-102 directly page-image proofread; dedication Hordhac ten divisions complete narrative final words and Dhammaad retained; scan furniture advertisements and duplicate back-cover copy excluded	source-guided/transcription-correction/structural-repair/final-validation	Hubsiimo La'aan PDF printed pages 1-102 and individually cropped page images	maintainer	applied-awaiting-cleanup-review
